category,movie_id,year_ceremony,oscar_nominated,oscar_won,bafta_nominated,bafta_won,gg_nominated,gg_won,sag_nominated,sag_won,imdb_rating,rotten_tomatoes,pga_won,dga_won
1,1928352,1928,1,1,0,0,0,0,0,0,7.9,95.0,0,0
1,1928367,1928,1,0,0,0,0,0,0,0,7.6,85.0,0,0
1,1928369,1928,1,0,0,0,0,0,0,0,6.1,85.0,0,0
1,1928406,1928,1,1,0,0,0,0,0,0,6.8,88.0,0,0
2,1928445,1928,1,1,0,0,0,0,0,0,7.5,100.0,0,0
2,1928450,1928,1,0,0,0,0,0,0,0,5.5,85.0,0,0
2,1928666,1928,1,0,0,0,0,0,0,0,7.2,83.0,0,0
2,1928688,1928,1,1,0,0,0,0,0,0,7.3,79.0,0,0
2,1928694,1928,1,1,0,0,0,0,0,0,8.1,98.0,0,0
4,1928445,1928,1,0,0,0,0,0,0,0,7.5,100.0,0,0
4,1929068,1928,1,0,0,0,0,0,0,0,6.6,100.0,0,0
4,1929088,1928,1,1,0,0,0,0,0,0,7.5,94.0,0,0
1,1929026,1929,1,0,0,0,0,0,0,0,5.7,56.0,0,0
1,1929157,1929,1,1,0,0,0,0,0,0,5.5,56.0,0,0
1,1929370,1929,1,0,0,0,0,0,0,0,7.2,62.0,0,0
1,1929403,1929,1,0,0,0,0,0,0,0,6.0,85.0,0,0
1,1929412,1929,1,0,0,0,0,0,0,0,6.5,70.0,0,0
2,1929510,1929,1,1,0,0,0,0,0,0,5.5,44.0,0,0
2,1929591,1929,1,0,0,0,0,0,0,0,6.9,50.0,0,0
2,1929704,1929,1,0,0,0,0,0,0,0,6.9,85.0,0,0
2,1929710,1929,1,0,0,0,0,0,0,0,5.6,42.0,0,0
2,1929719,1929,1,0,0,0,0,0,0,0,6.2,85.0,0,0
2,1929741,1929,1,0,0,0,0,0,0,0,7.5,100.0,0,0
3,1929866,1929,1,0,0,0,0,0,0,0,6.2,85.0,0,0
3,1929157,1929,1,0,0,0,0,0,0,0,5.5,56.0,0,0
3,1929591,1929,1,0,0,0,0,0,0,0,6.9,50.0,0,0
3,1929710,1929,1,0,0,0,0,0,0,0,5.6,42.0,0,0
3,1929719,1929,1,1,0,0,0,0,0,0,6.2,85.0,0,0
3,1929370,1929,1,0,0,0,0,0,0,0,7.2,62.0,0,0
3,1929970,1929,1,0,0,0,0,0,0,0,6.1,85.0,0,0
4,1929026,1929,1,0,0,0,0,0,0,0,5.7,56.0,0,0
4,1930019,1929,1,0,0,0,0,0,0,0,5.4,43.0,0,0
4,1929157,1929,1,0,0,0,0,0,0,0,5.5,56.0,0,0
4,1929710,1929,1,1,0,0,0,0,0,0,5.6,42.0,0,0
4,1929370,1929,1,0,0,0,0,0,0,0,7.2,62.0,0,0
1,1930067,1930,1,0,0,0,0,0,0,0,6.3,83.0,0,0
1,1930087,1930,1,0,0,0,0,0,0,0,3.7,25.0,0,0
1,1930100,1930,1,1,0,0,0,0,0,0,6.1,83.0,0,0
1,1930299,1930,1,0,0,0,0,0,0,0,7.1,75.0,0,0
1,1930300,1930,1,0,0,0,0,0,0,0,5.6,85.0,0,0
1,1930334,1930,1,0,0,0,0,0,0,0,5.4,85.0,0,0
1,1930359,1930,1,0,0,0,0,0,0,0,7.0,100.0,0,0
1,1930385,1930,1,0,0,0,0,0,0,0,5.5,79.0,0,0
2,1930466,1930,1,0,0,0,0,0,0,0,6.6,85.0,0,0
2,1930661,1930,1,0,0,0,0,0,0,0,5.2,49.0,0,0
2,1930668,1930,1,0,0,0,0,0,0,0,5.4,85.0,0,0
2,1930718,1930,1,0,0,0,0,0,0,0,5.9,85.0,0,0
2,1930720,1930,1,1,0,0,0,0,0,0,6.7,78.0,0,0
2,1930772,1930,1,0,0,0,0,0,0,0,7.0,85.0,0,0
2,1930782,1930,1,0,0,0,0,0,0,0,5.8,85.0,0,0
3,1930822,1930,1,1,0,0,0,0,0,0,7.8,90.0,0,0
3,1930466,1930,1,0,0,0,0,0,0,0,6.6,85.0,0,0
3,1930879,1930,1,0,0,0,0,0,0,0,6.7,86.0,0,0
3,1930661,1930,1,0,0,0,0,0,0,0,5.2,49.0,0,0
3,1930720,1930,1,0,0,0,0,0,0,0,6.7,78.0,0,0
3,1930359,1930,1,0,0,0,0,0,0,0,7.0,100.0,0,0
4,1930822,1930,1,1,0,0,0,0,0,0,7.8,90.0,0,0
4,1930100,1930,1,0,0,0,0,0,0,0,6.1,83.0,0,0
4,1930299,1930,1,0,0,0,0,0,0,0,7.1,75.0,0,0
4,1930720,1930,1,0,0,0,0,0,0,0,6.7,78.0,0,0
4,1930359,1930,1,0,0,0,0,0,0,0,7.0,100.0,0,0
1,1931008,1931,1,1,0,0,0,0,0,0,6.6,85.0,0,0
1,1931082,1931,1,0,0,0,0,0,0,0,5.8,52.0,0,0
1,1931273,1931,1,0,0,0,0,0,0,0,6.3,86.0,0,0
1,1931325,1931,1,0,0,0,0,0,0,0,7.3,57.0,0,0
1,1931386,1931,1,0,0,0,0,0,0,0,6.1,85.0,0,0
2,1931008,1931,1,0,0,0,0,0,0,0,6.6,85.0,0,0
2,1931082,1931,1,0,0,0,0,0,0,0,5.8,52.0,0,0
2,1931552,1931,1,0,0,0,0,0,0,0,6.3,85.0,0,0
2,1931601,1931,1,1,0,0,0,0,0,0,6.7,85.0,0,0
2,1931609,1931,1,0,0,0,0,0,0,0,7.0,83.0,0,0
3,1931008,1931,1,0,0,0,0,0,0,0,6.6,85.0,0,0
3,1931082,1931,1,0,0,0,0,0,0,0,5.8,52.0,0,0
3,1931609,1931,1,0,0,0,0,0,0,0,7.0,83.0,0,0
3,1931273,1931,1,1,0,0,0,0,0,0,6.3,86.0,0,0
3,1931325,1931,1,0,0,0,0,0,0,0,7.3,57.0,0,0
4,1931082,1931,1,1,0,0,0,0,0,0,5.8,52.0,0,0
4,1932003,1931,1,0,0,0,0,0,0,0,5.7,90.0,0,0
4,1931273,1931,1,0,0,0,0,0,0,0,6.3,86.0,0,0
4,1931325,1931,1,0,0,0,0,0,0,0,7.3,57.0,0,0
4,1932083,1931,1,0,0,0,0,0,0,0,6.1,100.0,0,0
1,1932104,1932,1,1,0,0,0,0,0,0,7.6,91.0,0,0
1,1932305,1932,1,1,0,0,0,0,0,0,7.3,96.0,0,0
1,1932335,1932,1,0,0,0,0,0,0,0,6.4,85.0,0,0
2,1932527,1932,1,0,0,0,0,0,0,0,7.0,85.0,0,0
2,1932335,1932,1,0,0,0,0,0,0,0,6.4,85.0,0,0
2,1932762,1932,1,1,0,0,0,0,0,0,6.6,85.0,0,0
3,1932835,1932,1,1,0,0,0,0,0,0,6.4,85.0,0,0
3,1932917,1932,1,0,0,0,0,0,0,0,7.3,96.0,0,0
3,1932305,1932,1,0,0,0,0,0,0,0,7.3,96.0,0,0
4,1932989,1932,1,0,0,0,0,0,0,0,6.2,89.0,0,0
4,1932835,1932,1,0,0,0,0,0,0,0,6.4,85.0,0,0
4,1933006,1932,1,0,0,0,0,0,0,0,7.3,91.0,0,0
4,1933012,1932,1,1,0,0,0,0,0,0,7.3,87.0,0,0
4,1933041,1932,1,0,0,0,0,0,0,0,7.0,86.0,0,0
4,1932917,1932,1,0,0,0,0,0,0,0,7.3,96.0,0,0
4,1932305,1932,1,0,0,0,0,0,0,0,7.3,96.0,0,0
4,1933072,1932,1,0,0,0,0,0,0,0,7.1,88.0,0,0
1,1933051,1933,1,0,0,0,0,0,0,0,7.9,85.0,0,0
1,1933155,1933,1,0,0,0,0,0,0,0,8.2,96.0,0,0
1,1933379,1933,1,1,0,0,0,0,0,0,7.0,94.0,0,0
2,1933499,1933,1,0,0,0,0,0,0,0,5.8,64.0,0,0
2,1933578,1933,1,0,0,0,0,0,0,0,7.4,100.0,0,0
2,1933608,1933,1,1,0,0,0,0,0,0,6.5,57.0,0,0
3,1933499,1933,1,1,0,0,0,0,0,0,5.8,64.0,0,0
3,1933578,1933,1,0,0,0,0,0,0,0,7.4,100.0,0,0
3,1933582,1933,1,0,0,0,0,0,0,0,7.8,95.0,0,0
4,1933975,1933,1,0,0,0,0,0,0,0,7.3,92.0,0,0
4,1933976,1933,1,0,0,0,0,0,0,0,6.4,88.0,0,0
4,1933499,1933,1,1,0,0,0,0,0,0,5.8,64.0,0,0
4,1933155,1933,1,0,0,0,0,0,0,0,8.2,96.0,0,0
4,1933578,1933,1,0,0,0,0,0,0,0,7.4,100.0,0,0
4,1933582,1933,1,0,0,0,0,0,0,0,7.8,95.0,0,0
4,1934048,1933,1,0,0,0,0,0,0,0,6.3,93.0,0,0
4,1934049,1933,1,0,0,0,0,0,0,0,6.9,80.0,0,0
4,1934050,1933,1,0,0,0,0,0,0,0,6.7,100.0,0,0
4,1933379,1933,1,0,0,0,0,0,0,0,7.0,94.0,0,0
1,1935165,1935,1,1,0,0,0,0,0,0,8.1,98.0,0,0
1,1935290,1935,1,0,0,0,0,0,0,0,6.0,80.0,0,0
1,1935401,1935,1,0,0,0,0,0,0,0,7.9,98.0,0,0
2,1935165,1935,1,1,0,0,0,0,0,0,8.1,98.0,0,0
2,1935629,1935,1,0,0,0,0,0,0,0,7.0,87.0,0,0
2,1935630,1935,1,0,0,0,0,0,0,0,5.6,63.0,0,0
2,1935705,1935,1,0,0,0,0,0,0,0,6.9,70.0,0,0
3,1935165,1935,1,1,0,0,0,0,0,0,8.1,98.0,0,0
3,1935630,1935,1,0,0,0,0,0,0,0,5.6,63.0,0,0
3,1935401,1935,1,0,0,0,0,0,0,0,7.9,98.0,0,0
4,1935084,1935,1,0,0,0,0,0,0,0,7.0,56.0,0,0
4,1936007,1935,1,0,0,0,0,0,0,0,5.6,100.0,0,0
4,1936017,1935,1,0,0,0,0,0,0,0,6.2,83.0,0,0
4,1936021,1935,1,0,0,0,0,0,0,0,7.5,88.0,0,0
4,1935165,1935,1,1,0,0,0,0,0,0,8.1,98.0,0,0
4,1935630,1935,1,0,0,0,0,0,0,0,5.6,63.0,0,0
4,1935705,1935,1,0,0,0,0,0,0,0,6.9,70.0,0,0
4,1936058,1935,1,0,0,0,0,0,0,0,7.3,92.0,0,0
4,1936060,1935,1,0,0,0,0,0,0,0,6.5,100.0,0,0
4,1935401,1935,1,0,0,0,0,0,0,0,7.9,98.0,0,0
4,1936077,1935,1,0,0,0,0,0,0,0,6.5,57.0,0,0
4,1936085,1935,1,0,0,0,0,0,0,0,6.3,60.0,0,0
1,1936056,1936,1,0,0,0,0,0,0,0,6.4,83.0,0,0
1,1936213,1936,1,0,0,0,0,0,0,0,7.6,96.0,0,0
1,1936344,1936,1,1,0,0,0,0,0,0,7.4,89.0,0,0
2,1936456,1936,1,0,0,0,0,0,0,0,6.9,89.0,0,0
2,1936474,1936,1,0,0,0,0,0,0,0,5.8,40.0,0,0
2,1936514,1936,1,1,0,0,0,0,0,0,6.8,88.0,0,0
2,1936529,1936,1,0,0,0,0,0,0,0,5.5,100.0,0,0
2,1936650,1936,1,0,0,0,0,0,0,0,6.4,85.0,0,0
2,1936716,1936,1,0,0,0,0,0,0,0,6.6,94.0,0,0
3,1936851,1936,1,0,0,0,0,0,0,0,7.7,100.0,0,0
3,1936213,1936,1,0,0,0,0,0,0,0,7.6,96.0,0,0
3,1936344,1936,1,1,0,0,0,0,0,0,7.4,89.0,0,0
3,1936951,1936,1,0,0,0,0,0,0,0,7.0,100.0,0,0
4,1936978,1936,1,0,0,0,0,0,0,0,6.8,92.0,0,0
4,1936456,1936,1,0,0,0,0,0,0,0,6.9,89.0,0,0
4,1936995,1936,1,0,0,0,0,0,0,0,6.7,90.0,0,0
4,1936851,1936,1,0,0,0,0,0,0,0,7.7,100.0,0,0
4,1936997,1936,1,0,0,0,0,0,0,0,7.3,100.0,0,0
4,1937030,1936,1,0,0,0,0,0,0,0,7.6,85.0,0,0
4,1936213,1936,1,1,0,0,0,0,0,0,7.6,96.0,0,0
4,1937038,1936,1,0,0,0,0,0,0,0,6.6,85.0,0,0
4,1937044,1936,1,0,0,0,0,0,0,0,7.6,100.0,0,0
4,1936344,1936,1,0,0,0,0,0,0,0,7.4,89.0,0,0
4,1936951,1936,1,0,0,0,0,0,0,0,7.0,100.0,0,0
4,1937081,1936,1,0,0,0,0,0,0,0,7.7,100.0,0,0
1,1937102,1937,1,0,0,0,0,0,0,0,7.7,91.0,0,0
1,1937207,1937,1,0,0,0,0,0,0,0,7.8,90.0,0,0
1,1937217,1937,1,0,0,0,0,0,0,0,7.9,97.0,0,0
1,1937257,1937,1,0,0,0,0,0,0,0,7.1,92.0,0,0
1,1937396,1937,1,1,0,0,0,0,0,0,7.3,90.0,0,0
2,1937217,1937,1,0,0,0,0,0,0,0,7.9,97.0,0,0
2,1937662,1937,1,0,0,0,0,0,0,0,6.5,75.0,0,0
2,1937730,1937,1,1,0,0,0,0,0,0,6.6,72.0,0,0
2,1937784,1937,1,0,0,0,0,0,0,0,7.1,85.0,0,0
2,1937798,1937,1,0,0,0,0,0,0,0,6.3,85.0,0,0
3,1937102,1937,1,0,0,0,0,0,0,0,7.7,91.0,0,0
3,1937207,1937,1,1,0,0,0,0,0,0,7.8,90.0,0,0
3,1937217,1937,1,0,0,0,0,0,0,0,7.9,97.0,0,0
3,1937257,1937,1,0,0,0,0,0,0,0,7.1,92.0,0,0
3,1937730,1937,1,0,0,0,0,0,0,0,6.6,72.0,0,0
4,1937981,1937,1,0,0,0,0,0,0,0,7.8,93.0,0,0
4,1937986,1937,1,0,0,0,0,0,0,0,6.3,18.0,0,0
4,1937102,1937,1,0,0,0,0,0,0,0,7.7,91.0,0,0
4,1938031,1937,1,0,0,0,0,0,0,0,7.8,86.0,0,0
4,1937207,1937,1,0,0,0,0,0,0,0,7.8,90.0,0,0
4,1937662,1937,1,0,0,0,0,0,0,0,6.5,75.0,0,0
4,1937257,1937,1,0,0,0,0,0,0,0,7.1,92.0,0,0
4,1937730,1937,1,1,0,0,0,0,0,0,6.6,72.0,0,0
4,1937396,1937,1,0,0,0,0,0,0,0,7.3,90.0,0,0
4,1938080,1937,1,0,0,0,0,0,0,0,6.6,86.0,0,0
1,1938015,1938,1,0,0,0,0,0,0,0,7.3,100.0,0,0
1,1938072,1938,1,1,0,0,0,0,0,0,7.9,95.0,0,0
1,1938088,1938,1,0,0,0,0,0,0,0,6.5,100.0,0,0
1,1938221,1938,1,0,0,0,0,0,0,0,7.2,85.0,0,0
1,1938356,1938,1,0,0,0,0,0,0,0,7.1,92.0,0,0
2,1938015,1938,1,0,0,0,0,0,0,0,7.3,100.0,0,0
2,1938492,1938,1,0,0,0,0,0,0,0,7.3,89.0,0,0
2,1938686,1938,1,0,0,0,0,0,0,0,7.4,82.0,0,0
2,1938702,1938,1,0,0,0,0,0,0,0,7.7,91.0,0,0
2,1938729,1938,1,1,0,0,0,0,0,0,7.5,95.0,0,0
3,1938015,1938,1,0,1,0,0,0,0,0,7.3,100.0,0,0
3,1938923,1938,1,0,0,0,0,0,0,0,7.7,96.0,0,0
3,1938702,1938,1,1,0,0,0,0,0,0,7.7,91.0,0,0
3,1938729,1938,1,0,0,0,0,0,0,0,7.5,95.0,0,0
3,1938356,1938,1,0,0,0,0,0,0,0,7.1,92.0,0,0
4,1938015,1938,1,0,0,0,0,0,0,0,7.3,100.0,0,0
4,1938072,1938,1,0,0,0,0,0,0,0,7.9,95.0,0,0
4,1938998,1938,1,0,0,0,0,0,0,0,6.5,78.0,0,0
4,1939022,1938,1,0,0,0,0,0,0,0,6.7,67.0,0,0
4,1939034,1938,1,0,0,0,0,0,0,0,7.6,92.0,0,0
4,1939042,1938,1,0,0,0,0,0,0,0,6.7,88.0,0,0
4,1938923,1938,1,0,0,0,0,0,0,0,7.7,96.0,0,0
4,1938702,1938,1,0,0,0,0,0,0,0,7.7,91.0,0,0
4,1938729,1938,1,0,0,0,0,0,0,0,7.5,95.0,0,0
4,1938356,1938,1,1,0,0,0,0,0,0,7.1,92.0,0,0
1,1939024,1939,1,0,0,0,0,0,0,0,6.6,85.0,0,0
1,1939037,1939,1,0,0,0,0,0,0,0,7.9,100.0,0,0
1,1939062,1939,1,1,0,0,0,0,0,0,7.2,86.0,0,0
1,1939241,1939,1,0,0,0,0,0,0,0,7.7,100.0,0,0
1,1939307,1939,1,0,0,0,0,0,0,0,7.1,89.0,0,0
2,1939566,1939,1,1,0,0,0,0,0,0,7.4,96.0,0,0
2,1939594,1939,1,0,0,0,0,0,0,0,7.3,85.0,0,0
2,1939241,1939,1,0,0,0,0,0,0,0,7.7,100.0,0,0
2,1939787,1939,1,0,0,0,0,0,0,0,7.1,100.0,0,0
2,1939805,1939,1,0,0,0,0,0,0,0,7.1,85.0,0,0
3,1939037,1939,1,0,0,0,0,0,0,0,7.9,100.0,0,0
3,1939062,1939,1,0,0,0,0,0,0,0,7.2,86.0,0,0
3,1939873,1939,1,0,0,0,0,0,0,0,6.9,100.0,0,0
3,1939307,1939,1,0,0,0,0,0,0,0,7.1,89.0,0,0
3,1939973,1939,1,1,0,0,0,0,0,0,7.8,94.0,0,0
4,1939984,1939,1,0,0,0,0,0,0,0,6.8,83.0,0,0
4,1939062,1939,1,0,0,0,0,0,0,0,7.2,86.0,0,0
4,1939873,1939,1,0,0,0,0,0,0,0,6.9,100.0,0,0
4,1940013,1939,1,0,0,0,0,0,0,0,8.1,97.0,0,0
4,1939566,1939,1,0,0,0,0,0,0,0,7.4,96.0,0,0
4,1939241,1939,1,0,0,0,0,0,0,0,7.7,100.0,0,0
4,1940051,1939,1,0,0,0,0,0,0,0,6.8,67.0,0,0
4,1940053,1939,1,0,0,0,0,0,0,0,7.9,100.0,0,0
4,1939307,1939,1,0,0,0,0,0,0,0,7.1,89.0,0,0
4,1939973,1939,1,1,0,0,0,0,0,0,7.8,94.0,0,0
1,1940045,1940,1,0,0,0,0,0,0,0,6.3,90.0,0,0
1,1940134,1940,1,0,0,0,0,0,0,0,8.2,90.0,0,0
1,1940138,1940,1,1,0,0,0,0,0,0,7.9,81.0,0,0
1,1940209,1940,1,0,0,0,0,0,0,0,8.1,85.0,0,0
1,1940440,1940,1,0,0,0,0,0,0,0,7.5,96.0,0,0
2,1940516,1940,1,0,0,0,0,0,0,0,7.4,85.0,0,0
2,1940134,1940,1,1,0,0,0,0,0,0,8.2,90.0,0,0
2,1940138,1940,1,0,0,0,0,0,0,0,7.9,81.0,0,0
2,1940585,1940,1,0,0,0,0,0,0,0,7.3,92.0,0,0
2,1940623,1940,1,0,0,0,0,0,0,0,7.8,95.0,0,0
3,1940134,1940,1,1,0,0,0,0,0,0,8.2,90.0,0,0
3,1940138,1940,1,0,0,0,0,0,0,0,7.9,81.0,0,0
3,1940209,1940,1,0,0,0,0,0,0,0,8.1,85.0,0,0
3,1940924,1940,1,0,0,0,0,0,0,0,7.8,100.0,0,0
3,1940440,1940,1,0,0,0,0,0,0,0,7.5,96.0,0,0
4,1940516,1940,1,0,0,0,0,0,0,0,7.4,85.0,0,0
4,1940134,1940,1,1,0,0,0,0,0,0,8.2,90.0,0,0
4,1940138,1940,1,0,0,0,0,0,0,0,7.9,81.0,0,0
4,1940585,1940,1,0,0,0,0,0,0,0,7.3,92.0,0,0
4,1940209,1940,1,0,0,0,0,0,0,0,8.1,85.0,0,0
4,1940623,1940,1,0,0,0,0,0,0,0,7.8,95.0,0,0
4,1941039,1940,1,0,0,0,0,0,0,0,7.8,100.0,0,0
4,1940924,1940,1,0,0,0,0,0,0,0,7.8,100.0,0,0
4,1941078,1940,1,0,0,0,0,0,0,0,8.1,98.0,0,0
4,1940440,1940,1,0,0,0,0,0,0,0,7.5,96.0,0,0
1,1941017,1941,1,0,0,0,0,0,0,0,7.3,86.0,0,0
1,1941247,1941,1,0,0,0,0,0,0,0,8.1,98.0,0,0
1,1941330,1941,1,0,0,0,0,0,0,0,8.1,100.0,0,0
1,1941331,1941,1,0,0,0,0,0,0,0,8.4,92.0,0,0
1,1941373,1941,1,1,0,0,0,0,0,0,7.8,100.0,0,0
2,1941573,1941,1,1,0,0,0,0,0,0,6.9,75.0,0,0
2,1941634,1941,1,0,0,0,0,0,0,0,6.5,86.0,0,0
2,1941247,1941,1,0,0,0,0,0,0,0,8.1,98.0,0,0
2,1941741,1941,1,0,0,0,0,0,0,0,7.5,100.0,0,0
2,1941373,1941,1,0,0,0,0,0,0,0,7.8,100.0,0,0
3,1941573,1941,1,0,0,0,0,0,0,0,6.9,75.0,0,0
3,1941247,1941,1,0,0,0,0,0,0,0,8.1,98.0,0,0
3,1941330,1941,1,1,0,0,0,0,0,0,8.1,100.0,0,0
3,1941741,1941,1,0,0,0,0,0,0,0,7.5,100.0,0,0
3,1941373,1941,1,0,0,0,0,0,0,0,7.8,100.0,0,0
4,1941985,1941,1,0,0,0,0,0,0,0,7.4,83.0,0,0
4,1942009,1941,1,0,0,0,0,0,0,0,7.4,95.0,0,0
4,1941573,1941,1,0,0,0,0,0,0,0,6.9,75.0,0,0
4,1941634,1941,1,0,0,0,0,0,0,0,6.5,86.0,0,0
4,1941247,1941,1,1,0,0,0,0,0,0,8.1,98.0,0,0
4,1941330,1941,1,0,0,0,0,0,0,0,8.1,100.0,0,0
4,1941331,1941,1,0,0,0,0,0,0,0,8.4,92.0,0,0
4,1941741,1941,1,0,0,0,0,0,0,0,7.5,100.0,0,0
4,1942062,1941,1,0,0,0,0,0,0,0,6.9,100.0,0,0
4,1941373,1941,1,0,0,0,0,0,0,0,7.8,100.0,0,0
1,1942028,1942,1,0,0,0,0,0,0,0,7.6,85.0,0,0
1,1942083,1942,1,0,0,0,0,0,0,0,8.3,99.0,0,0
1,1942148,1942,1,0,0,0,0,0,0,0,7.5,100.0,0,0
1,1942234,1942,1,0,0,0,0,0,0,0,7.0,94.0,0,0
1,1942266,1942,1,1,0,0,0,0,0,0,7.7,84.0,0,0
2,1942472,1942,1,0,0,0,0,0,0,0,7.7,100.0,0,0
2,1942477,1942,1,0,0,0,0,0,0,0,6.9,33.0,0,0
2,1942551,1942,1,0,0,0,0,0,0,0,7.3,100.0,0,0
2,1942696,1942,1,1,0,0,0,0,0,0,7.3,97.0,0,0
2,1942742,1942,1,0,0,0,0,0,0,0,7.9,100.0,0,0
3,1942083,1942,1,0,0,0,0,0,0,0,8.3,99.0,0,0
3,1942148,1942,1,0,0,0,0,0,0,0,7.5,100.0,0,0
3,1942882,1942,1,1,0,0,0,0,0,0,7.7,93.0,0,0
3,1942266,1942,1,0,0,0,0,0,0,0,7.7,84.0,0,0
3,1942742,1942,1,0,0,0,0,0,0,0,7.9,100.0,0,0
4,1942477,1942,1,0,0,0,0,0,0,0,6.9,33.0,0,0
4,1942083,1942,1,0,0,0,0,0,0,0,8.3,99.0,0,0
4,1942148,1942,1,0,0,0,0,0,0,0,7.5,100.0,0,0
4,1942551,1942,1,0,0,0,0,0,0,0,7.3,100.0,0,0
4,1942882,1942,1,1,0,0,0,0,0,0,7.7,93.0,0,0
4,1943040,1942,1,0,0,0,0,0,0,0,6.6,100.0,0,0
4,1942266,1942,1,0,0,0,0,0,0,0,7.7,84.0,0,0
4,1942696,1942,1,0,0,0,0,0,0,0,7.3,97.0,0,0
4,1942742,1942,1,0,0,0,0,0,0,0,7.9,100.0,0,0
4,1943066,1942,1,0,0,0,0,0,0,0,7.9,99.0,0,0
1,1943210,1943,1,0,0,0,0,0,0,0,7.6,93.0,0,0
1,1943245,1943,1,0,0,0,0,0,0,0,7.9,82.0,0,0
1,1943375,1943,1,0,0,0,0,0,0,0,7.0,100.0,0,0
1,1943377,1943,1,0,0,0,0,0,0,0,7.6,94.0,0,0
1,1943441,1943,1,1,0,0,0,0,0,0,7.6,91.0,0,0
2,1943210,1943,1,1,0,0,0,0,0,0,7.6,93.0,0,0
2,1943618,1943,1,0,0,0,0,0,0,0,7.0,80.0,0,0
2,1943628,1943,1,0,0,0,0,0,0,0,7.9,91.0,0,0
2,1943377,1943,1,0,0,0,0,0,0,0,7.6,94.0,0,0
2,1943809,1943,1,0,0,0,0,0,0,0,7.1,83.0,0,0
3,1943887,1943,1,0,0,0,0,0,0,0,7.5,100.0,0,0
3,1943210,1943,1,1,0,0,0,0,0,0,7.6,93.0,0,0
3,1943245,1943,1,0,0,0,0,0,0,0,7.9,82.0,0,0
3,1943968,1943,1,0,0,0,0,0,0,0,6.7,89.0,0,0
3,1943441,1943,1,0,0,0,0,0,0,0,7.6,91.0,0,0
4,1943887,1943,1,0,0,0,0,0,0,0,7.5,100.0,0,0
4,1943210,1943,1,1,0,0,0,0,0,0,7.6,93.0,0,0
4,1943245,1943,1,0,0,0,0,0,0,0,7.9,82.0,0,0
4,1944061,1943,1,0,0,0,0,0,0,0,7.2,90.0,0,0
4,1944065,1943,1,0,0,0,0,0,0,0,7.6,89.0,0,0
4,1943375,1943,1,0,0,0,0,0,0,0,7.0,100.0,0,0
4,1943377,1943,1,0,0,0,0,0,0,0,7.6,94.0,0,0
4,1944073,1943,1,0,0,0,0,0,0,0,7.5,89.0,0,0
4,1943968,1943,1,0,0,0,0,0,0,0,6.7,89.0,0,0
4,1943441,1943,1,0,0,0,0,0,0,0,7.6,91.0,0,0
1,1944073,1944,1,0,0,0,0,0,0,0,8.5,99.0,0,0
1,1944119,1944,1,0,0,0,0,0,0,0,6.8,64.0,0,0
1,1944190,1944,1,0,0,0,0,0,0,0,7.2,78.0,0,0
1,1944339,1944,1,0,0,0,0,0,0,0,7.0,100.0,0,0
1,1944432,1944,1,1,0,0,0,0,0,0,7.1,80.0,0,0
2,1944119,1944,1,0,0,0,0,0,0,0,6.8,64.0,0,0
2,1944190,1944,1,0,0,0,0,0,0,0,7.2,78.0,0,0
2,1944714,1944,1,0,0,0,0,0,0,0,6.7,85.0,0,0
2,1944746,1944,1,0,0,0,0,0,0,0,7.6,100.0,0,0
2,1944764,1944,1,1,0,0,0,0,0,0,7.6,87.0,0,0
3,1944073,1944,1,1,0,0,0,0,0,0,8.5,99.0,0,0
3,1944146,1944,1,0,0,0,0,0,0,0,7.3,89.0,0,0
3,1944339,1944,1,0,0,0,0,0,0,0,7.0,100.0,0,0
3,1944746,1944,1,0,0,0,0,0,0,0,7.6,100.0,0,0
3,1944764,1944,1,0,0,0,1,1,0,0,7.6,87.0,0,0
4,1944073,1944,1,1,0,0,0,0,0,0,8.5,99.0,0,0
4,1944119,1944,1,0,0,0,0,0,0,0,6.8,64.0,0,0
4,1944146,1944,1,0,0,0,0,0,0,0,7.3,89.0,0,0
4,1945023,1944,1,0,0,0,0,0,0,0,7.2,90.0,0,0
4,1944190,1944,1,0,0,0,0,0,0,0,7.2,78.0,0,0
4,1944339,1944,1,0,0,0,0,0,0,0,7.0,100.0,0,0
4,1944746,1944,1,0,0,0,0,0,0,0,7.6,100.0,0,0
4,1945067,1944,1,0,0,0,0,0,0,0,8.0,92.0,0,0
4,1944764,1944,1,0,0,0,0,0,0,0,7.6,87.0,0,0
4,1944432,1944,1,0,0,0,0,0,0,0,7.1,80.0,0,0
1,1945126,1945,1,0,0,0,0,0,0,0,7.8,89.0,0,0
1,1945133,1945,1,1,0,0,0,0,0,0,7.0,85.0,0,0
1,1945224,1945,1,0,0,0,0,0,0,0,6.4,85.0,0,0
1,1945437,1945,1,0,0,0,0,0,0,0,6.4,89.0,0,0
2,1945520,1945,1,0,0,0,0,0,0,0,8.3,97.0,0,0
2,1945126,1945,1,1,0,0,0,0,0,0,7.8,89.0,0,0
2,1945611,1945,1,0,0,0,0,0,0,0,7.6,57.0,0,0
2,1945614,1945,1,0,0,0,0,0,0,0,7.0,85.0,0,0
2,1945676,1945,1,0,0,0,0,0,0,0,7.5,77.0,0,0
3,1945520,1945,1,0,0,0,0,0,0,0,8.3,97.0,0,0
3,1945133,1945,1,1,0,0,1,1,0,0,7.0,85.0,0,0
3,1945891,1945,1,0,0,0,0,0,0,0,7.9,100.0,0,0
3,1945894,1945,1,0,0,0,0,0,0,0,7.6,90.0,0,0
3,1945437,1945,1,0,0,0,0,0,0,0,6.4,89.0,0,0
4,1945520,1945,1,0,0,0,0,0,0,0,8.3,97.0,0,0
4,1945126,1945,1,0,0,0,0,0,0,0,7.8,89.0,0,0
4,1945133,1945,1,1,0,0,0,0,0,0,7.0,85.0,0,0
4,1945676,1945,1,0,0,0,0,0,0,0,7.5,77.0,0,0
4,1945437,1945,1,0,0,0,0,0,0,0,6.4,89.0,0,0
1,1946013,1946,1,0,0,0,0,0,0,0,6.6,85.0,0,0
1,1946036,1946,1,0,0,0,0,0,0,0,7.0,56.0,0,0
1,1946297,1946,1,0,0,0,0,0,0,0,7.2,85.0,0,0
1,1946347,1946,1,0,0,0,0,0,0,0,7.2,85.0,0,0
1,1946358,1946,1,1,0,0,0,0,0,0,7.9,97.0,0,0
2,1946579,1946,1,0,0,0,0,0,0,0,7.6,85.0,0,0
2,1946588,1946,1,0,0,0,0,0,0,0,7.0,85.0,0,0
2,1946600,1946,1,1,0,0,0,0,0,0,7.9,88.0,0,0
2,1946297,1946,1,0,0,0,0,0,0,0,7.2,85.0,0,0
2,1946777,1946,1,0,0,0,0,0,0,0,7.3,85.0,0,0
3,1946905,1946,1,0,0,0,0,0,0,0,7.3,98.0,0,0
3,1946921,1946,1,0,0,0,0,0,0,0,7.5,86.0,0,0
3,1946297,1946,1,0,0,0,0,0,0,0,7.2,85.0,0,0
3,1946358,1946,1,1,0,0,1,1,0,0,7.9,97.0,0,0
3,1946959,1946,1,0,0,0,0,0,0,0,7.1,92.0,0,0
4,1946036,1946,1,0,0,0,0,0,0,0,7.0,56.0,0,0
4,1946600,1946,1,0,0,0,0,0,0,0,7.9,88.0,0,0
4,1946921,1946,1,0,0,0,0,0,0,0,7.5,86.0,0,0
4,1946297,1946,1,0,0,0,0,0,0,0,7.2,85.0,0,0
4,1946358,1946,1,1,0,0,0,0,0,0,7.9,97.0,0,0
1,1947147,1947,1,0,0,0,0,0,0,0,7.5,98.0,0,0
1,1947166,1947,1,0,0,0,0,0,0,0,8.6,94.0,0,0
1,1947298,1947,1,1,0,0,0,0,0,0,8.1,98.0,0,0
1,1947346,1947,1,0,0,0,0,0,0,0,7.2,100.0,0,0
1,1947409,1947,1,0,0,0,0,0,0,0,7.2,100.0,0,0
2,1947487,1947,1,0,0,0,0,0,0,0,8.0,93.0,0,0
2,1947522,1947,1,0,0,0,0,0,0,0,6.7,76.0,0,0
2,1947677,1947,1,0,0,0,0,0,0,0,7.2,73.0,0,0
2,1947409,1947,1,0,0,0,0,0,0,0,7.2,100.0,0,0
2,1947789,1947,1,1,0,0,0,0,0,0,7.6,81.0,0,0
3,1947487,1947,1,0,0,0,0,0,0,0,8.0,93.0,0,0
3,1947166,1947,1,0,0,0,1,1,0,0,8.6,94.0,0,0
3,1947298,1947,1,1,0,0,0,0,0,0,8.1,98.0,0,0
3,1947947,1947,1,0,0,0,0,0,0,0,7.7,100.0,0,0
3,1947409,1947,1,0,0,0,0,0,0,0,7.2,100.0,0,0
4,1947147,1947,1,0,0,0,0,0,0,0,7.5,98.0,0,0
4,1947166,1947,1,0,0,0,0,0,0,0,8.6,94.0,0,0
4,1947298,1947,1,1,1,1,0,0,0,0,8.1,98.0,0,0
4,1948069,1947,1,0,0,0,0,0,0,0,7.3,56.0,0,0
4,1947409,1947,1,0,0,0,0,0,0,0,7.2,100.0,0,0
1,1948007,1948,1,1,0,0,0,0,0,0,6.9,88.0,0,0
1,1948058,1948,1,0,0,0,0,0,0,0,7.6,92.0,0,0
1,1948127,1948,1,0,0,0,0,0,0,0,7.2,82.0,0,0
1,1948182,1948,1,0,0,0,0,0,0,0,7.1,92.0,0,0
1,1948206,1948,1,0,0,0,0,0,0,0,6.3,67.0,0,0
2,1948127,1948,1,0,0,0,0,0,0,0,7.2,82.0,0,0
2,1948206,1948,1,0,0,0,0,0,0,0,6.3,67.0,0,0
2,1948644,1948,1,0,0,0,0,0,0,0,7.1,82.0,0,0
2,1948679,1948,1,0,0,0,0,0,0,0,6.3,85.0,0,0
2,1948725,1948,1,1,0,0,0,0,0,0,7.2,100.0,0,0
3,1948007,1948,1,0,0,0,0,0,0,0,6.9,88.0,0,0
3,1948859,1948,1,0,0,0,0,0,0,0,7.3,88.0,0,0
3,1948127,1948,1,1,0,0,1,1,0,0,7.2,82.0,0,0
3,1948878,1948,1,0,0,0,0,0,0,0,6.8,39.0,0,0
3,1948931,1948,1,0,0,0,0,0,0,0,7.6,85.0,0,0
4,1948859,1948,1,0,1,0,0,0,0,0,7.3,88.0,0,0
4,1948127,1948,1,1,0,0,0,0,0,0,7.2,82.0,0,0
4,1948878,1948,1,0,0,0,0,0,0,0,6.8,39.0,0,0
4,1949036,1948,1,0,0,0,0,0,0,0,7.9,96.0,0,0
4,1948931,1948,1,0,0,0,0,0,0,0,7.6,85.0,0,0
1,1949143,1949,1,1,0,0,0,0,0,0,7.6,96.0,0,0
1,1949168,1949,1,0,0,0,0,0,0,0,7.7,100.0,0,0
1,1949272,1949,1,0,0,0,0,0,0,0,7.4,85.0,0,0
1,1949390,1949,1,0,0,0,0,0,0,0,7.8,100.0,0,0
1,1949434,1949,1,0,0,0,0,0,0,0,5.8,85.0,0,0
2,1949554,1949,1,0,0,0,0,0,0,0,7.9,100.0,0,0
2,1949567,1949,1,0,0,0,0,0,0,0,6.4,90.0,0,0
2,1949168,1949,1,1,0,0,0,0,0,0,7.7,100.0,0,0
2,1949683,1949,1,0,0,0,0,0,0,0,7.3,86.0,0,0
2,1949763,1949,1,0,0,0,0,0,0,0,7.6,100.0,0,0
3,1949143,1949,1,0,0,0,0,0,0,0,7.6,96.0,0,0
3,1949168,1949,1,0,0,0,0,0,0,0,7.7,100.0,0,0
3,1949390,1949,1,0,0,0,0,0,0,0,7.8,100.0,0,0
3,1949763,1949,1,0,0,0,0,0,0,0,7.6,100.0,0,0
3,1949963,1949,1,1,0,0,1,1,0,0,8.2,100.0,0,0
4,1949143,1949,1,1,1,1,0,0,0,0,7.6,96.0,0,0
4,1949168,1949,1,0,0,0,0,0,0,0,7.7,100.0,0,0
4,1950070,1949,1,0,0,0,0,0,0,0,8.1,98.0,0,0
4,1949763,1949,1,0,0,0,0,0,0,0,7.6,100.0,0,0
4,1949963,1949,1,0,0,0,0,0,0,0,8.2,100.0,0,0
1,1950029,1950,1,1,0,0,0,0,0,0,7.4,97.0,0,0
1,1950077,1950,1,0,0,0,0,0,0,0,7.3,94.0,0,0
1,1950258,1950,1,0,0,0,0,0,0,0,7.0,100.0,0,0
1,1950336,1950,1,0,0,0,0,0,0,0,7.3,85.0,0,0
1,1950421,1950,1,0,0,0,0,0,0,0,7.7,96.0,0,0
2,1950509,1950,1,0,0,0,0,0,0,0,7.1,85.0,0,0
2,1950523,1950,1,0,0,0,0,0,0,0,6.5,85.0,0,0
2,1950617,1950,1,0,0,0,0,0,0,0,6.8,85.0,0,0
2,1950642,1950,1,0,0,0,0,0,0,0,7.2,67.0,0,0
2,1950733,1950,1,1,0,0,0,0,0,0,8.1,100.0,0,0
3,1950819,1950,1,1,0,0,0,0,0,0,7.7,100.0,0,1
3,1950029,1950,1,0,0,0,1,1,0,0,7.4,97.0,0,1
3,1950837,1950,1,0,0,0,0,0,0,0,7.4,78.0,0,0
3,1950937,1950,1,0,0,0,0,0,0,0,7.6,100.0,0,0
3,1950733,1950,1,0,0,0,1,0,0,0,8.1,100.0,0,0
4,1950819,1950,1,0,0,0,0,0,0,0,7.7,100.0,0,0
4,1950029,1950,1,1,0,0,0,0,0,0,7.4,97.0,0,0
4,1950837,1950,1,0,0,0,0,0,0,0,7.4,78.0,0,0
4,1950733,1950,1,0,0,0,0,0,0,0,8.1,100.0,0,0
4,1950421,1950,1,0,0,0,0,0,0,0,7.7,96.0,0,0
1,1951091,1951,1,1,0,0,0,0,0,0,7.4,74.0,0,0
1,1951113,1951,1,0,0,0,0,0,0,0,7.1,90.0,0,0
1,1951145,1951,1,0,0,0,0,0,0,0,7.9,88.0,0,0
1,1951285,1951,1,0,0,0,0,0,0,0,8.4,98.0,0,0
1,1951361,1951,1,0,0,0,0,0,0,0,6.8,83.0,0,0
2,1951459,1951,1,0,0,0,0,0,0,0,8.2,99.0,0,0
2,1951482,1951,1,1,0,0,0,0,0,0,7.5,97.0,0,0
2,1951491,1951,1,0,0,0,0,0,0,0,7.6,50.0,0,0
2,1951285,1951,1,0,0,0,0,0,0,0,8.4,98.0,0,0
3,1951459,1951,1,1,0,0,1,0,0,0,8.2,99.0,0,1
3,1951482,1951,1,0,0,0,1,0,0,0,7.5,97.0,0,0
3,1951285,1951,1,0,0,0,0,0,0,0,8.4,98.0,0,0
3,1951928,1951,1,0,0,0,1,0,0,0,7.8,98.0,0,0
3,1951962,1951,1,0,0,0,0,0,0,0,8.1,99.0,0,0
4,1951459,1951,1,1,1,1,0,0,0,0,8.2,99.0,0,0
4,1951482,1951,1,0,0,0,0,0,0,0,7.5,97.0,0,0
4,1951113,1951,1,0,0,0,0,0,0,0,7.1,90.0,0,0
4,1952029,1951,1,0,0,0,0,0,0,0,6.7,93.0,0,0
4,1951285,1951,1,0,0,0,0,0,0,0,8.4,98.0,0,0
1,1952011,1952,1,0,0,0,0,0,0,0,7.7,82.0,0,0
1,1952016,1952,1,0,0,0,0,0,0,0,7.9,97.0,0,0
1,1952063,1952,1,0,0,0,0,0,0,0,7.3,100.0,0,0
1,1952099,1952,1,0,0,0,0,0,0,0,7.2,100.0,0,0
1,1952291,1952,1,1,0,0,0,0,0,0,7.7,96.0,0,0
2,1952011,1952,1,0,0,0,0,0,0,0,7.7,82.0,0,0
2,1952016,1952,1,1,0,0,0,0,0,0,7.9,97.0,0,0
2,1952518,1952,1,0,0,0,0,0,0,0,7.5,71.0,0,0
2,1952291,1952,1,0,0,0,0,0,0,0,7.7,96.0,0,0
2,1952707,1952,1,0,0,0,0,0,0,0,9.0,85.0,0,0
3,1952011,1952,1,1,0,0,1,0,0,0,7.7,82.0,0,1
3,1952016,1952,1,0,0,0,0,0,0,0,7.9,97.0,0,0
3,1952827,1952,1,0,0,0,1,0,0,0,7.1,95.0,0,0
3,1952518,1952,1,0,0,0,0,0,0,0,7.5,71.0,0,0
3,1952291,1952,1,0,0,0,0,0,0,0,7.7,96.0,0,0
4,1952011,1952,1,0,0,0,0,0,0,0,7.7,82.0,0,0
4,1952016,1952,1,0,0,0,0,0,0,0,7.9,97.0,0,0
4,1952827,1952,1,1,1,0,0,0,0,0,7.1,95.0,0,0
4,1952999,1952,1,0,0,0,0,0,0,0,7.2,100.0,0,0
4,1953043,1952,1,0,0,0,0,0,0,0,7.1,84.0,0,0
1,1953149,1953,1,1,0,0,0,0,0,0,7.9,95.0,0,0
1,1953205,1953,1,0,0,0,0,0,0,0,7.0,73.0,0,0
1,1953296,1953,1,0,0,0,0,0,0,0,7.8,80.0,0,0
1,1953355,1953,1,0,0,0,0,0,0,0,7.5,100.0,0,0
1,1953428,1953,1,0,0,0,0,0,0,0,7.3,53.0,0,0
2,1953508,1953,1,1,0,0,0,0,0,0,7.5,82.0,0,0
2,1953689,1953,1,0,0,0,0,0,0,0,7.5,92.0,0,0
2,1953743,1953,1,0,0,0,0,0,0,0,6.8,86.0,0,0
2,1953766,1953,1,0,0,0,0,0,0,0,7.0,25.0,0,0
2,1953808,1953,1,0,0,0,0,0,0,0,6.7,57.0,0,0
3,1953872,1953,1,0,0,0,0,0,0,0,7.6,100.0,0,0
3,1953149,1953,1,0,0,0,0,0,0,0,7.9,95.0,0,0
3,1953205,1953,1,0,0,0,1,0,0,0,7.0,73.0,0,0
3,1953942,1953,1,0,0,0,1,1,0,0,6.5,50.0,0,0
3,1953957,1953,1,1,0,0,1,0,0,0,7.7,91.0,0,0
4,1953149,1953,1,0,0,0,0,0,0,0,7.9,95.0,0,0
4,1954025,1953,1,0,0,0,0,0,0,0,6.7,79.0,0,0
4,1953205,1953,1,0,0,0,0,0,0,0,7.0,73.0,0,0
4,1953942,1953,1,1,0,0,0,0,0,0,6.5,50.0,0,0
4,1953957,1953,1,0,0,0,0,0,0,0,7.7,91.0,0,0
1,1954122,1954,1,0,0,0,0,0,0,0,7.6,88.0,0,0
1,1954171,1954,1,0,0,0,0,0,0,0,7.2,96.0,0,0
1,1954280,1954,1,1,0,0,0,0,0,0,7.9,91.0,0,0
1,1954384,1954,1,0,0,0,0,0,0,0,6.7,38.0,0,0
2,1954122,1954,1,0,0,0,0,0,0,0,7.6,88.0,0,0
2,1954580,1954,1,0,0,0,0,0,0,0,7.2,100.0,0,0
2,1954603,1954,1,0,0,0,0,0,0,0,6.6,75.0,0,0
2,1954660,1954,1,1,0,0,0,0,0,0,8.0,96.0,0,0
2,1954745,1954,1,0,0,0,0,0,0,0,6.7,44.0,0,0
3,1954122,1954,1,1,0,0,1,1,0,0,7.6,88.0,0,1
3,1954580,1954,1,0,0,0,0,0,0,0,7.2,100.0,0,0
3,1954660,1954,1,0,0,0,0,0,0,0,8.0,96.0,0,0
3,1954916,1954,1,0,0,0,0,0,0,0,7.6,97.0,0,0
3,1954280,1954,1,0,0,0,0,0,0,0,7.9,91.0,0,0
4,1954122,1954,1,1,0,0,0,0,0,0,7.6,88.0,0,0
4,1954171,1954,1,0,0,0,0,0,0,0,7.2,96.0,0,0
4,1954660,1954,1,0,0,0,0,0,0,0,8.0,96.0,0,0
4,1954916,1954,1,0,0,0,0,0,0,0,7.6,97.0,0,0
4,1954384,1954,1,0,0,0,0,0,0,0,6.7,38.0,0,0
1,1955015,1955,1,0,0,0,0,0,0,0,7.5,98.0,0,0
1,1955021,1955,1,0,0,0,0,0,0,0,6.6,100.0,0,0
1,1955227,1955,1,1,0,0,0,0,0,0,8.1,99.0,0,0
1,1955304,1955,1,0,0,0,0,0,0,0,7.7,95.0,0,0
1,1955309,1955,1,0,0,0,0,0,0,0,7.2,78.0,0,0
2,1955015,1955,1,0,0,0,0,0,0,0,7.5,98.0,0,0
2,1955495,1955,1,0,0,0,0,0,0,0,6.7,75.0,0,0
2,1955592,1955,1,0,0,0,0,0,0,0,7.0,88.0,0,0
2,1955665,1955,1,0,0,0,0,0,0,0,7.6,89.0,0,0
2,1955309,1955,1,1,0,0,0,0,0,0,7.2,78.0,0,0
3,1955227,1955,1,1,0,0,1,1,0,0,8.1,99.0,0,0
3,1955914,1955,1,0,0,0,0,0,0,0,8.5,98.0,0,0
3,1955665,1955,1,0,0,0,0,0,0,0,7.6,89.0,0,0
3,1955309,1955,1,0,0,0,0,0,0,0,7.2,78.0,0,0
3,1955944,1955,1,0,0,0,0,0,0,0,6.6,46.0,0,0
4,1955227,1955,1,1,0,0,0,0,0,0,8.1,99.0,0,0
4,1956047,1955,1,0,0,0,0,0,0,0,7.3,89.0,0,0
4,1955304,1955,1,0,0,0,0,0,0,0,7.7,95.0,0,0
4,1955309,1955,1,0,0,0,0,0,0,0,7.2,78.0,0,0
4,1956079,1955,1,0,0,0,0,0,0,0,6.2,60.0,0,0
1,1956046,1956,1,0,0,0,0,0,0,0,7.7,97.0,0,0
1,1956107,1956,1,0,0,0,0,0,0,0,7.8,86.0,0,0
1,1956186,1956,1,0,0,0,0,0,0,0,7.1,71.0,0,0
1,1956195,1956,1,1,0,0,0,0,0,0,7.7,96.0,0,0
1,1956363,1956,1,0,0,0,0,0,0,0,7.3,81.0,0,0
2,1956556,1956,1,0,0,0,0,0,0,0,7.2,86.0,0,0
2,1956561,1956,1,0,0,0,0,0,0,0,6.7,85.0,0,0
2,1956587,1956,1,0,0,0,0,0,0,0,6.4,85.0,0,0
2,1956693,1956,1,0,0,0,0,0,0,0,7.1,92.0,0,0
2,1956758,1956,1,1,0,0,0,0,0,0,6.9,67.0,0,0
3,1956046,1956,1,0,0,0,0,0,0,0,7.7,97.0,0,0
3,1956107,1956,1,0,0,0,0,0,0,0,7.8,86.0,0,0
3,1956195,1956,1,1,0,0,0,0,0,0,7.7,96.0,0,0
3,1956908,1956,1,0,0,0,1,1,0,0,7.0,45.0,0,0
3,1956693,1956,1,0,0,0,0,0,0,0,7.1,92.0,0,0
4,1956587,1956,1,0,0,0,0,0,0,0,6.4,85.0,0,0
4,1956195,1956,1,1,0,0,0,0,0,0,7.7,96.0,0,0
4,1957037,1956,1,0,0,0,0,0,0,0,7.6,93.0,0,0
4,1956908,1956,1,0,0,0,0,0,0,0,7.0,45.0,0,0
4,1956758,1956,1,0,0,0,0,0,0,0,6.9,67.0,0,0
1,1957129,1957,1,0,0,0,0,0,0,0,7.6,86.0,0,0
1,1957188,1957,1,0,0,0,0,0,0,0,7.3,80.0,0,0
1,1957251,1957,1,0,0,0,0,0,0,0,7.3,96.0,0,0
1,1957349,1957,1,1,0,0,0,0,0,0,7.4,93.0,0,0
2,1957464,1957,1,1,0,0,0,0,0,0,7.0,93.0,0,0
2,1957471,1957,1,0,0,0,0,0,0,0,7.3,83.0,0,0
2,1957703,1957,1,0,0,0,0,0,0,0,7.4,63.0,0,0
2,1957349,1957,1,0,0,0,0,0,0,0,7.4,93.0,0,0
2,1957754,1957,1,0,0,0,0,0,0,0,6.9,80.0,0,0
3,1957830,1957,1,0,0,0,1,0,0,0,6.7,72.0,0,0
3,1957874,1957,1,0,0,0,0,0,0,0,7.3,82.0,0,0
3,1957129,1957,1,1,0,0,1,0,0,0,7.6,86.0,0,0
3,1957349,1957,1,0,0,0,0,0,0,0,7.4,93.0,0,0
3,1957969,1957,1,0,0,0,1,0,0,0,6.7,50.0,0,0
4,1957830,1957,1,1,0,0,0,0,0,0,6.7,72.0,0,0
4,1957874,1957,1,0,0,0,0,0,0,0,7.3,82.0,0,0
4,1957129,1957,1,0,0,0,0,0,0,0,7.6,86.0,0,0
4,1957349,1957,1,0,0,0,0,0,0,0,7.4,93.0,0,0
4,1958074,1957,1,0,0,0,0,0,0,0,7.9,84.0,0,0
1,1958009,1958,1,0,0,0,0,0,0,0,7.2,75.0,0,0
1,1958262,1958,1,0,0,0,0,0,0,0,7.0,82.0,0,0
1,1958302,1958,1,1,0,0,0,0,0,0,8.1,96.0,0,0
1,1958436,1958,1,0,0,0,0,0,0,0,6.6,85.0,0,0
1,1958439,1958,1,0,0,0,0,0,0,0,8.4,100.0,0,0
2,1958547,1958,1,0,0,0,0,0,0,0,7.3,83.0,0,0
2,1958638,1958,1,0,0,0,0,0,0,0,7.2,65.0,0,0
2,1958655,1958,1,0,0,0,0,0,0,0,6.3,10.0,0,0
2,1958771,1958,1,1,0,0,0,0,0,0,7.2,94.0,0,0
2,1958436,1958,1,0,0,0,0,0,0,0,6.6,85.0,0,0
3,1958814,1958,1,0,0,0,0,0,0,0,9.0,100.0,0,0
3,1958638,1958,1,0,0,0,0,0,0,0,7.2,65.0,0,0
3,1958262,1958,1,0,0,0,1,0,0,0,7.0,82.0,0,0
3,1958302,1958,1,1,0,0,0,0,0,0,8.1,96.0,0,0
3,1958439,1958,1,0,0,0,1,0,0,0,8.4,100.0,0,0
4,1958814,1958,1,0,0,0,0,0,0,0,9.0,100.0,0,0
4,1958638,1958,1,0,0,0,0,0,0,0,7.2,65.0,0,0
4,1958262,1958,1,0,0,0,0,0,0,0,7.0,82.0,0,0
4,1958302,1958,1,1,0,0,0,0,0,0,8.1,96.0,0,0
4,1958439,1958,1,0,0,0,0,0,0,0,8.4,100.0,0,0
1,1959076,1959,1,0,0,0,0,0,0,0,7.9,97.0,0,0
1,1959265,1959,1,1,0,0,0,0,0,0,7.4,67.0,0,0
1,1959314,1959,1,0,0,0,0,0,0,0,7.6,90.0,0,0
1,1959368,1959,1,0,0,0,0,0,0,0,6.9,75.0,0,0
2,1959468,1959,1,0,0,0,0,0,0,0,7.9,88.0,0,0
2,1959076,1959,1,0,0,0,0,0,0,0,7.9,97.0,0,0
2,1959555,1959,1,1,0,0,0,0,0,0,7.5,94.0,0,0
2,1959265,1959,1,0,0,0,0,0,0,0,7.4,67.0,0,0
2,1959680,1959,1,0,0,0,0,0,0,0,7.2,78.0,0,0
3,1959076,1959,1,0,0,0,1,0,0,0,7.9,97.0,0,0
3,1959875,1959,1,1,0,0,1,1,0,0,6.6,89.0,0,1
3,1959555,1959,1,0,0,0,1,0,0,0,7.5,94.0,0,0
3,1959314,1959,1,0,0,0,0,0,0,0,7.6,90.0,0,0
3,1959945,1959,1,0,0,0,0,0,0,0,7.2,100.0,0,0
4,1959468,1959,1,0,0,0,0,0,0,0,7.9,88.0,0,0
4,1959076,1959,1,0,0,0,0,0,0,0,7.9,97.0,0,0
4,1959875,1959,1,1,0,0,0,0,0,0,6.6,89.0,0,0
4,1959265,1959,1,0,0,0,0,0,0,0,7.4,67.0,0,0
4,1959314,1959,1,0,0,0,0,0,0,0,7.6,90.0,0,0
1,1960035,1960,1,0,0,0,0,0,0,0,8.0,100.0,0,0
1,1960050,1960,1,1,0,0,0,0,0,0,8.1,87.0,0,0
1,1960254,1960,1,0,0,0,0,0,0,0,7.5,100.0,0,0
1,1960276,1960,1,0,0,0,0,0,0,0,8.2,95.0,0,0
1,1960351,1960,1,0,0,0,0,0,0,0,6.9,85.0,0,0
2,1960641,1960,1,0,0,0,0,0,0,0,7.4,94.0,0,0
2,1960254,1960,1,1,0,0,0,0,0,0,7.5,100.0,0,0
2,1960690,1960,1,0,0,0,0,0,0,0,7.5,68.0,0,0
2,1960748,1960,1,0,0,0,0,0,0,0,7.5,85.0,0,0
3,1960050,1960,1,1,0,0,1,1,0,0,8.1,87.0,0,1
3,1960254,1960,1,0,0,0,0,0,0,0,7.5,100.0,0,0
3,1960276,1960,1,0,0,0,0,0,0,0,8.2,95.0,0,0
3,1960935,1960,1,0,0,0,0,0,0,0,7.4,81.0,0,0
3,1960748,1960,1,0,0,0,0,0,0,0,7.5,85.0,0,0
4,1960035,1960,1,0,1,0,0,0,0,0,8.0,100.0,0,0
4,1960050,1960,1,1,1,1,0,0,0,0,8.1,87.0,0,0
4,1960254,1960,1,0,0,0,0,0,0,0,7.5,100.0,0,0
4,1960935,1960,1,0,0,0,0,0,0,0,7.4,81.0,0,0
4,1960748,1960,1,0,1,0,0,0,0,0,7.5,85.0,0,0
1,1961110,1961,1,1,0,0,0,0,0,0,7.7,94.0,0,0
1,1961162,1961,1,0,0,0,0,0,0,0,8.1,93.0,0,0
1,1961277,1961,1,0,0,0,0,0,0,0,7.1,67.0,0,0
1,1961292,1961,1,0,0,0,0,0,0,0,8.3,93.0,0,0
1,1961319,1961,1,0,0,0,0,0,0,0,7.1,71.0,0,0
2,1961489,1961,1,1,0,0,0,0,0,0,6.3,47.0,0,0
2,1961621,1961,1,0,0,0,0,0,0,0,7.3,67.0,0,0
2,1961695,1961,1,0,0,0,0,0,0,0,6.8,88.0,0,0
2,1961292,1961,1,0,0,0,0,0,0,0,8.3,93.0,0,0
2,1961770,1961,1,0,0,0,0,0,0,0,7.1,79.0,0,0
3,1961621,1961,1,0,0,0,0,0,0,0,7.3,67.0,0,0
3,1961910,1961,1,0,0,0,0,0,0,0,8.5,97.0,0,0
3,1961277,1961,1,0,0,0,1,1,0,0,7.1,67.0,0,0
3,1961292,1961,1,1,0,0,0,0,0,0,8.3,93.0,0,1
3,1961770,1961,1,0,0,0,0,0,0,0,7.1,79.0,0,0
4,1961110,1961,1,0,1,0,0,0,0,0,7.7,94.0,0,0
4,1961277,1961,1,0,0,0,0,0,0,0,7.1,67.0,0,0
4,1962054,1961,1,0,0,0,0,0,0,0,6.8,85.0,0,0
4,1961292,1961,1,1,1,1,0,0,0,0,8.3,93.0,0,0
4,1961770,1961,1,0,0,0,0,0,0,0,7.1,79.0,0,0
1,1962112,1962,1,0,0,0,0,0,0,0,6.8,85.0,0,0
1,1962170,1962,1,1,0,0,0,0,0,0,8.3,93.0,0,0
1,1962342,1962,1,0,0,0,0,0,0,0,7.9,94.0,0,0
1,1962364,1962,1,0,0,0,0,0,0,0,7.2,85.0,0,0
2,1962484,1962,1,0,0,0,0,0,0,0,7.5,88.0,0,0
2,1962684,1962,1,0,0,0,0,0,0,0,7.7,74.0,0,0
2,1962692,1962,1,0,0,0,0,0,0,0,6.9,85.0,0,0
2,1962342,1962,1,0,0,0,0,0,0,0,7.9,94.0,0,0
2,1962796,1962,1,1,0,0,0,0,0,0,7.7,88.0,0,0
3,1962170,1962,1,0,0,0,1,1,0,0,8.3,93.0,0,0
3,1962890,1962,1,0,0,0,0,0,0,0,8.0,95.0,0,0
3,1962943,1962,1,0,0,0,1,0,0,0,7.5,92.0,0,0
3,1962342,1962,1,0,0,0,0,0,0,0,7.9,94.0,0,0
3,1962971,1962,1,1,0,0,1,0,0,0,7.6,92.0,0,1
4,1962112,1962,1,0,0,0,0,0,0,0,6.8,85.0,0,0
4,1962170,1962,1,0,1,0,0,0,0,0,8.3,93.0,0,0
4,1962943,1962,1,0,0,0,0,0,0,0,7.5,92.0,0,0
4,1962342,1962,1,0,1,1,0,0,0,0,7.9,94.0,0,0
4,1962971,1962,1,1,1,0,0,0,0,0,7.6,92.0,0,0
1,1963053,1963,1,0,0,0,0,0,0,0,7.8,88.0,0,0
1,1963096,1963,1,0,0,0,0,0,0,0,7.8,100.0,0,0
1,1963101,1963,1,0,0,0,0,0,0,0,7.9,100.0,0,0
1,1963177,1963,1,0,0,0,0,0,0,0,8.3,93.0,0,0
1,1963414,1963,1,1,0,0,0,0,0,0,8.3,93.0,0,0
2,1963096,1963,1,0,0,0,0,0,0,0,7.8,100.0,0,0
2,1963583,1963,1,0,0,0,0,0,0,0,7.5,95.0,0,0
2,1963697,1963,1,0,0,0,0,0,0,0,7.1,74.0,0,0
2,1963744,1963,1,1,0,0,0,0,0,0,8.1,96.0,0,0
2,1963804,1963,1,0,0,0,0,0,0,0,8.0,91.0,0,0
3,1963862,1963,1,0,0,0,0,0,0,0,7.2,85.0,0,0
3,1963101,1963,1,0,0,0,0,0,0,0,7.9,100.0,0,0
3,1963177,1963,1,1,0,0,1,1,0,0,8.3,93.0,0,1
3,1963744,1963,1,0,0,0,0,0,0,0,8.1,96.0,0,0
3,1963414,1963,1,0,0,0,1,0,0,0,8.3,93.0,0,0
4,1963177,1963,1,1,1,1,0,0,0,0,8.3,93.0,0,0
4,1964035,1963,1,0,0,0,0,0,0,0,7.7,94.0,0,0
4,1963213,1963,1,1,0,0,0,0,0,0,7.6,96.0,0,0
4,1964063,1963,1,0,0,0,0,0,0,0,7.7,84.0,0,0
4,1963414,1963,1,0,1,0,0,0,0,0,8.3,93.0,0,0
1,1964084,1964,1,0,0,0,0,0,0,0,7.0,56.0,0,0
1,1964152,1964,1,0,0,0,0,0,0,0,7.8,86.0,0,0
1,1964183,1964,1,1,0,0,0,0,0,0,7.5,92.0,0,0
1,1964411,1964,1,0,0,0,0,0,0,0,7.5,96.0,0,0
1,1964415,1964,1,0,0,0,0,0,0,0,6.4,83.0,0,0
2,1964152,1964,1,1,0,0,0,0,0,0,7.8,86.0,0,0
2,1964563,1964,1,0,0,0,0,0,0,0,7.3,75.0,0,0
2,1964589,1964,1,0,0,0,0,0,0,0,7.2,82.0,0,0
2,1964739,1964,1,0,0,0,0,0,0,0,7.3,67.0,0,0
2,1964411,1964,1,0,0,0,0,0,0,0,7.5,96.0,0,0
3,1964825,1964,1,0,0,0,1,1,0,0,7.7,67.0,0,0
3,1964870,1964,1,0,0,0,0,0,0,0,8.0,97.0,0,0
3,1964152,1964,1,0,0,0,1,0,0,0,7.8,86.0,0,0
3,1964932,1964,1,0,0,0,0,0,0,0,6.7,47.0,0,0
3,1964415,1964,1,1,0,0,1,0,0,0,6.4,83.0,0,1
4,1964825,1964,1,0,0,0,0,0,0,0,7.7,67.0,0,0
4,1964084,1964,1,0,0,0,0,0,0,0,7.0,56.0,0,0
4,1965020,1964,1,0,0,0,0,0,0,0,7.1,88.0,0,0
4,1964183,1964,1,0,0,0,0,0,0,0,7.5,92.0,0,0
4,1964415,1964,1,1,1,1,0,0,0,0,6.4,83.0,0,0
1,1965047,1965,1,0,0,0,0,0,0,0,7.8,75.0,0,0
1,1965105,1965,1,0,0,0,0,0,0,0,8.3,98.0,0,0
1,1965214,1965,1,1,0,0,0,0,0,0,7.7,94.0,0,0
1,1965442,1965,1,0,0,0,0,0,0,0,7.6,79.0,0,0
2,1965595,1965,1,0,0,0,0,0,0,0,7.4,80.0,0,0
2,1965597,1965,1,1,0,0,0,0,0,0,7.8,97.0,0,0
2,1965669,1965,1,0,0,0,0,0,0,0,7.6,82.0,0,0
2,1965752,1965,1,0,0,0,0,0,0,0,7.1,69.0,0,0
2,1965776,1965,1,0,0,0,0,0,0,0,6.6,88.0,0,0
3,1965047,1965,1,0,0,0,1,0,0,0,7.8,75.0,0,0
3,1965105,1965,1,0,0,0,0,0,0,0,8.3,98.0,0,0
3,1965597,1965,1,0,0,0,0,0,0,0,7.8,97.0,0,0
3,1965214,1965,1,1,0,0,1,1,0,0,7.7,94.0,0,1
3,1965442,1965,1,0,0,0,1,0,0,0,7.6,79.0,0,0
4,1965047,1965,1,0,1,0,0,0,0,0,7.8,75.0,0,0
4,1965105,1965,1,0,1,1,0,0,0,0,8.3,98.0,0,0
4,1965597,1965,1,0,0,0,0,0,0,0,7.8,97.0,0,0
4,1965214,1965,1,1,1,1,0,0,0,0,7.7,94.0,0,0
4,1965442,1965,1,0,1,0,0,0,0,0,7.6,79.0,0,0
1,1966075,1966,1,1,0,0,0,0,0,0,6.7,90.0,0,0
1,1966230,1966,1,0,0,0,0,0,0,0,7.0,82.0,0,0
1,1966270,1966,1,0,0,0,0,0,0,0,7.1,63.0,0,0
1,1966371,1966,1,0,0,0,0,0,0,0,7.6,88.0,0,0
1,1966394,1966,1,0,0,0,0,0,0,0,7.5,86.0,0,0
2,1966449,1966,1,0,0,0,0,0,0,0,8.0,89.0,0,0
2,1966517,1966,1,1,0,0,0,0,0,0,7.0,72.0,0,0
2,1966270,1966,1,0,0,0,0,0,0,0,7.1,63.0,0,0
2,1966712,1966,1,0,0,0,0,0,0,0,7.5,81.0,0,0
2,1966765,1966,1,0,0,0,0,0,0,0,8.1,83.0,0,0
3,1966517,1966,1,0,0,0,1,0,0,0,7.0,72.0,0,0
3,1966865,1966,1,0,0,0,1,1,0,0,7.9,82.0,0,0
3,1966712,1966,1,0,0,0,0,0,0,0,7.5,81.0,0,0
3,1966765,1966,1,1,0,0,0,0,0,0,8.1,83.0,0,1
3,1966972,1966,1,0,0,0,0,0,0,0,8.5,100.0,0,0
4,1966982,1966,1,0,0,0,0,0,0,0,7.3,72.0,0,0
4,1966517,1966,1,0,0,0,0,0,0,0,7.0,72.0,0,0
4,1966865,1966,1,0,1,0,0,0,0,0,7.9,82.0,0,0
4,1966270,1966,1,0,0,0,0,0,0,0,7.1,63.0,0,0
4,1966765,1966,1,1,0,0,0,0,0,0,8.1,83.0,0,0
1,1967010,1967,1,1,0,0,0,0,0,0,7.7,89.0,0,0
1,1967023,1967,1,0,0,0,0,0,0,0,7.0,97.0,0,0
1,1967388,1967,1,0,0,0,0,0,0,0,7.0,83.0,0,0
1,1967389,1967,1,0,0,0,0,0,0,0,7.5,85.0,0,0
1,1967435,1967,1,0,0,0,0,0,0,0,8.0,96.0,0,0
2,1967447,1967,1,0,0,0,0,0,0,0,7.5,75.0,0,0
2,1967541,1967,1,0,0,0,0,0,0,0,6.9,82.0,0,0
2,1967607,1967,1,0,0,0,0,0,0,0,6.5,65.0,0,0
2,1967761,1967,1,0,0,0,0,0,0,0,8.2,100.0,0,0
2,1967435,1967,1,1,0,0,0,0,0,0,8.0,96.0,0,0
3,1967447,1967,1,0,0,0,1,0,0,0,7.5,75.0,0,0
3,1967010,1967,1,1,0,0,0,0,0,0,7.7,89.0,0,1
3,1967842,1967,1,0,0,0,0,0,0,0,7.4,87.0,0,0
3,1967956,1967,1,0,0,0,0,0,0,0,7.3,89.0,0,0
3,1967435,1967,1,0,0,0,1,0,0,0,8.0,96.0,0,0
4,1967010,1967,1,1,1,1,0,0,0,0,7.7,89.0,0,0
4,1967023,1967,1,0,0,0,0,0,0,0,7.0,97.0,0,0
4,1967388,1967,1,0,0,0,0,0,0,0,7.0,83.0,0,0
4,1967389,1967,1,0,0,0,0,0,0,0,7.5,85.0,0,0
4,1967435,1967,1,0,1,1,0,0,0,0,8.0,96.0,0,0
1,1968060,1968,1,0,0,0,0,0,0,0,7.7,91.0,0,0
1,1968089,1968,1,0,0,0,0,0,0,0,8.1,100.0,0,0
1,1968140,1968,1,0,0,0,0,0,0,0,7.8,71.0,0,0
1,1968159,1968,1,1,0,0,0,0,0,0,7.9,95.0,0,0
1,1968329,1968,1,0,0,0,0,0,0,0,8.0,87.0,0,0
2,1968060,1968,1,0,0,0,0,0,0,0,7.7,91.0,0,0
2,1968140,1968,1,1,0,0,0,0,0,0,7.8,71.0,0,0
2,1968329,1968,1,0,0,0,0,0,0,0,8.0,87.0,0,0
2,1968779,1968,1,0,0,0,0,0,0,0,7.1,67.0,0,0
2,1968802,1968,1,0,0,0,0,0,0,0,7.7,96.0,0,0
3,1968060,1968,1,0,0,0,1,0,0,0,7.7,91.0,0,0
3,1968140,1968,1,0,0,0,1,0,0,0,7.8,71.0,0,0
3,1968884,1968,1,0,0,0,0,0,0,0,7.9,75.0,0,0
3,1968159,1968,1,0,0,0,1,0,0,0,7.9,95.0,0,0
3,1968329,1968,1,1,0,0,0,0,0,0,8.0,87.0,0,1
4,1968060,1968,1,0,1,0,0,0,0,0,7.7,91.0,0,0
4,1969002,1968,1,0,0,0,0,0,0,0,6.2,29.0,0,0
4,1968140,1968,1,0,0,0,0,0,0,0,7.8,71.0,0,0
4,1968159,1968,1,1,1,0,0,0,0,0,7.9,95.0,0,0
4,1968329,1968,1,0,1,1,0,0,0,0,8.0,87.0,0,0
1,1969079,1969,1,1,0,0,0,0,0,0,6.9,55.0,0,0
1,1969225,1969,1,0,0,0,0,0,0,0,7.4,91.0,0,0
1,1969323,1969,1,0,0,0,0,0,0,0,6.8,56.0,0,0
1,1969337,1969,1,0,0,0,0,0,0,0,7.6,100.0,0,0
1,1969357,1969,1,0,0,0,0,0,0,0,7.9,91.0,0,0
2,1969540,1969,1,1,0,0,0,0,0,0,7.4,95.0,0,0
2,1969564,1969,1,0,0,0,0,0,0,0,6.8,80.0,0,0
2,1969654,1969,1,0,0,0,0,0,0,0,7.1,92.0,0,0
2,1969357,1969,1,1,0,0,0,0,0,0,7.9,91.0,0,0
2,1969769,1969,1,0,0,0,0,0,0,0,7.0,100.0,0,0
3,1969816,1969,1,0,0,0,0,0,0,0,8.3,92.0,0,0
3,1969225,1969,1,1,0,0,1,0,0,0,7.4,91.0,0,0
3,1969662,1969,1,0,0,0,1,0,0,0,7.6,95.0,0,0
3,1969929,1969,1,0,0,0,0,0,0,0,8.1,99.0,0,0
3,1969357,1969,1,0,0,0,1,0,0,0,7.9,91.0,0,1
4,1969540,1969,1,0,0,0,0,0,0,0,7.4,95.0,0,0
4,1969225,1969,1,1,1,1,0,0,0,0,7.4,91.0,0,0
4,1969654,1969,1,0,0,0,0,0,0,0,7.1,92.0,0,0
4,1969662,1969,1,0,0,0,0,0,0,0,7.6,95.0,0,0
4,1969357,1969,1,0,0,0,0,0,0,0,7.9,91.0,0,0
1,1970038,1970,1,0,0,0,0,0,0,0,7.4,43.0,0,0
1,1970138,1970,1,1,0,0,0,0,0,0,6.8,100.0,0,0
1,1970197,1970,1,0,0,0,0,0,0,0,7.8,89.0,0,0
1,1970419,1970,1,1,0,0,0,0,0,0,7.4,87.0,0,0
2,1970038,1970,1,0,0,0,0,0,0,0,7.4,43.0,0,0
2,1970732,1970,1,0,0,0,0,0,0,0,6.3,33.0,0,0
2,1970751,1970,1,1,0,0,0,0,0,0,7.6,85.0,0,0
2,1970767,1970,1,0,0,0,0,0,0,0,6.6,88.0,0,0
2,1970785,1970,1,0,0,0,0,0,0,0,7.8,82.0,0,0
3,1970821,1970,1,0,0,0,0,0,0,0,6.3,63.0,0,0
3,1970850,1970,1,0,0,0,0,0,0,0,8.0,89.0,0,0
3,1970197,1970,1,1,0,0,1,0,0,0,7.8,89.0,0,1
3,1970785,1970,1,0,0,0,1,0,0,0,7.8,82.0,0,0
3,1970974,1970,1,0,0,0,0,0,0,0,8.1,94.0,0,0
4,1970038,1970,1,0,0,0,0,0,0,0,7.4,43.0,0,0
4,1970850,1970,1,0,1,1,0,0,0,0,8.0,89.0,0,0
4,1971015,1970,1,0,0,0,0,0,0,0,7.0,85.0,0,0
4,1970197,1970,1,1,1,1,0,0,0,0,7.8,89.0,0,0
4,1970974,1970,1,0,1,0,0,0,0,0,8.1,94.0,0,0
1,1971117,1971,1,0,0,0,0,0,0,0,7.4,89.0,0,0
1,1971156,1971,1,0,0,0,0,0,0,0,7.4,100.0,0,0
1,1971187,1971,1,0,0,0,0,0,0,0,6.9,63.0,0,0
1,1971232,1971,1,1,0,0,0,0,0,0,7.9,92.0,0,0
1,1971333,1971,1,0,0,0,0,0,0,0,6.9,43.0,0,0
2,1971519,1971,1,0,0,0,0,0,0,0,7.0,82.0,0,0
2,1971187,1971,1,0,0,0,0,0,0,0,6.9,63.0,0,0
2,1971664,1971,1,0,0,0,0,0,0,0,7.4,47.0,0,0
2,1971333,1971,1,0,0,0,0,0,0,0,6.9,43.0,0,0
2,1971810,1971,1,1,0,0,0,0,0,0,7.1,83.0,0,0
3,1971871,1971,1,0,0,0,0,0,0,0,6.8,76.0,0,0
3,1971187,1971,1,0,0,0,1,1,0,0,6.9,63.0,0,0
3,1971895,1971,1,0,0,0,1,0,0,0,7.3,86.0,0,0
3,1971232,1971,1,1,0,0,1,0,0,0,7.9,92.0,0,1
3,1971810,1971,1,0,0,0,1,0,0,0,7.1,83.0,0,0
4,1971983,1971,1,0,0,0,0,0,0,0,6.6,75.0,0,0
4,1971117,1971,1,0,0,0,0,0,0,0,7.4,89.0,0,0
4,1971187,1971,1,0,0,0,0,0,0,0,6.9,63.0,0,0
4,1971895,1971,1,0,1,0,0,0,0,0,7.3,86.0,0,0
4,1971232,1971,1,1,0,0,0,0,0,0,7.9,92.0,0,0
1,1972115,1972,1,0,0,0,0,0,0,0,8.0,81.0,0,0
1,1972173,1972,1,0,0,0,0,0,0,0,6.6,75.0,0,0
1,1972284,1972,1,0,0,0,0,0,0,0,7.0,83.0,0,0
1,1972324,1972,1,1,0,0,0,0,0,0,7.7,97.0,0,0
1,1972338,1972,1,0,0,0,0,0,0,0,7.1,100.0,0,0
2,1972574,1972,1,1,0,0,0,0,0,0,7.1,94.0,0,0
2,1972598,1972,1,0,0,0,0,0,0,0,7.1,67.0,0,0
2,1972599,1972,1,0,0,0,0,0,0,0,7.6,85.0,0,0
2,1972622,1972,1,0,0,0,0,0,0,0,7.2,69.0,0,0
2,1972284,1972,1,0,0,0,0,0,0,0,7.0,83.0,0,0
3,1972817,1972,1,0,0,0,0,0,0,0,8.2,86.0,0,0
3,1972115,1972,1,0,0,0,1,0,0,0,8.0,81.0,0,0
3,1972284,1972,1,0,0,0,0,0,0,0,7.0,83.0,0,0
3,1972324,1972,1,1,0,0,0,0,0,0,7.7,97.0,0,1
3,1972949,1972,1,0,0,0,0,0,0,0,8.0,98.0,0,0
4,1972817,1972,1,0,0,0,0,0,0,0,8.2,86.0,0,0
4,1972115,1972,1,0,1,0,0,0,0,0,8.0,81.0,0,0
4,1972622,1972,1,0,0,0,0,0,0,0,7.2,69.0,0,0
4,1972324,1972,1,1,1,0,0,0,0,0,7.7,97.0,0,0
4,1972949,1972,1,0,1,0,0,0,0,0,8.0,98.0,0,0
1,1973274,1973,1,0,0,0,0,0,0,0,7.9,89.0,0,0
1,1973279,1973,1,0,0,0,0,0,0,0,7.5,91.0,0,0
1,1973326,1973,1,1,0,0,0,0,0,0,9.2,97.0,0,0
1,1973387,1973,1,0,0,0,0,0,0,0,7.2,83.0,0,0
2,1973490,1973,1,1,0,0,0,0,0,0,7.8,91.0,0,0
2,1973577,1973,1,0,0,0,0,0,0,0,7.0,71.0,0,0
2,1973279,1973,1,0,0,0,0,0,0,0,7.5,91.0,0,0
2,1973721,1973,1,0,0,0,0,0,0,0,8.0,94.0,0,0
2,1973793,1973,1,0,0,0,0,0,0,0,6.3,50.0,0,0
3,1973490,1973,1,1,0,0,1,0,0,0,7.8,91.0,0,0
3,1973864,1973,1,0,0,0,1,0,0,0,7.6,89.0,0,0
3,1973274,1973,1,0,0,0,0,0,0,0,7.9,89.0,0,0
3,1973721,1973,1,0,0,0,0,0,0,0,8.0,94.0,0,0
3,1973326,1973,1,0,0,0,0,0,0,0,9.2,97.0,0,1
4,1973490,1973,1,0,1,1,0,0,0,0,7.8,91.0,0,0
4,1973864,1973,1,0,0,0,0,0,0,0,7.6,89.0,0,0
4,1973279,1973,1,0,0,0,0,0,0,0,7.5,91.0,0,0
4,1973721,1973,1,0,0,0,0,0,0,0,8.0,94.0,0,0
4,1973326,1973,1,1,0,0,0,0,0,0,9.2,97.0,0,0
1,1974176,1974,1,0,0,0,0,0,0,0,6.8,81.0,0,0
1,1974260,1974,1,1,0,0,0,0,0,0,6.9,86.0,0,0
1,1974267,1974,1,0,0,0,0,0,0,0,7.7,93.0,0,0
1,1974353,1974,1,0,0,0,0,0,0,0,7.5,87.0,0,0
1,1974395,1974,1,0,0,0,0,0,0,0,8.3,93.0,0,0
2,1974451,1974,1,1,0,0,0,0,0,0,6.5,86.0,0,0
2,1974505,1974,1,0,0,0,0,0,0,0,6.7,56.0,0,0
2,1974691,1974,1,0,0,0,0,0,0,0,6.4,85.0,0,0
2,1974723,1974,1,0,0,0,0,0,0,0,8.1,78.0,0,0
2,1974778,1974,1,0,0,0,0,0,0,0,7.0,64.0,0,0
3,1974826,1974,1,0,0,0,1,0,0,0,7.4,95.0,0,0
3,1974857,1974,1,0,0,0,0,0,0,0,7.9,91.0,0,0
3,1974176,1974,1,0,0,0,1,0,0,0,6.8,81.0,0,0
3,1974723,1974,1,0,0,0,0,0,0,0,8.1,78.0,0,0
3,1974395,1974,1,1,0,0,0,0,0,0,8.3,93.0,0,1
4,1974451,1974,1,0,0,0,0,0,0,0,6.5,86.0,0,0
4,1974826,1974,1,0,0,0,0,0,0,0,7.4,95.0,0,0
4,1974857,1974,1,0,0,0,0,0,0,0,7.9,91.0,0,0
4,1974723,1974,1,0,0,0,0,0,0,0,8.1,78.0,0,0
4,1974395,1974,1,1,0,0,0,0,0,0,8.3,93.0,0,0
1,1975081,1975,1,0,0,0,0,0,0,0,8.1,98.0,0,0
1,1975144,1975,1,1,0,0,0,0,0,0,7.3,88.0,0,0
1,1975179,1975,1,0,0,0,0,0,0,0,7.5,87.0,0,0
1,1975211,1975,1,0,0,0,0,0,0,0,7.2,89.0,0,0
1,1975327,1975,1,0,0,0,0,0,0,0,9.0,96.0,0,0
2,1975452,1975,1,0,0,0,0,0,0,0,8.0,86.0,0,0
2,1975457,1975,1,1,0,0,0,0,0,0,7.3,92.0,0,0
2,1975081,1975,1,0,0,0,0,0,0,0,8.1,98.0,0,0
2,1975506,1975,1,0,0,0,0,0,0,0,7.3,67.0,0,0
2,1975179,1975,1,0,0,0,0,0,0,0,7.5,87.0,0,0
3,1975452,1975,1,0,0,0,0,0,0,0,8.0,86.0,0,0
3,1975081,1975,1,0,0,0,1,1,0,0,8.1,98.0,0,0
3,1975863,1975,1,0,0,0,0,0,0,0,8.0,98.0,0,0
3,1975179,1975,1,0,0,0,1,0,0,0,7.5,87.0,0,0
3,1975327,1975,1,1,0,0,0,0,0,0,9.0,96.0,0,1
4,1975081,1975,1,0,1,1,0,0,0,0,8.1,98.0,0,0
4,1975179,1975,1,0,0,0,0,0,0,0,7.5,87.0,0,0
4,1976056,1975,1,0,0,0,0,0,0,0,7.7,93.0,0,0
4,1975327,1975,1,1,0,0,0,0,0,0,9.0,96.0,0,0
4,1976075,1975,1,0,0,0,0,0,0,0,7.0,68.0,0,0
1,1976103,1976,1,0,0,0,0,0,0,0,8.0,96.0,0,0
1,1976130,1976,1,0,0,0,0,0,0,0,7.4,100.0,0,0
1,1976229,1976,1,1,0,0,0,0,0,0,8.7,93.0,0,0
1,1976362,1976,1,0,0,0,0,0,0,0,7.0,83.0,0,0
1,1976399,1976,1,0,0,0,0,0,0,0,7.1,69.0,0,0
2,1976548,1976,1,0,0,0,0,0,0,0,6.4,85.0,0,0
2,1976549,1976,1,0,0,0,0,0,0,0,7.0,81.0,0,0
2,1976229,1976,1,1,0,0,0,0,0,0,8.7,93.0,0,0
2,1976768,1976,1,0,0,0,0,0,0,0,7.2,93.0,0,0
2,1976791,1976,1,0,0,0,0,0,0,0,6.6,71.0,0,0
3,1976824,1976,1,0,0,0,0,0,0,0,7.8,88.0,0,0
3,1976836,1976,1,0,0,0,1,0,0,0,8.1,78.0,0,0
3,1976103,1976,1,0,0,0,1,0,0,0,8.0,96.0,0,0
3,1976904,1976,1,0,0,0,1,0,0,0,7.6,89.0,0,0
3,1976229,1976,1,1,0,0,1,1,0,0,8.7,93.0,0,1
4,1976836,1976,1,0,1,0,0,0,0,0,8.1,78.0,0,0
4,1976103,1976,1,0,1,0,0,0,0,0,8.0,96.0,0,0
4,1977026,1976,1,0,1,0,0,0,0,0,8.1,97.0,0,0
4,1976904,1976,1,0,0,0,0,0,0,0,7.6,89.0,0,0
4,1976229,1976,1,1,1,1,0,0,0,0,8.7,93.0,0,0
1,1977220,1977,1,1,0,0,0,0,0,0,8.1,91.0,0,0
1,1977252,1977,1,0,0,0,0,0,0,0,8.1,93.0,0,0
1,1977268,1977,1,0,0,0,0,0,0,0,7.7,67.0,0,0
1,1977288,1977,1,0,0,0,0,0,0,0,8.2,89.0,0,0
2,1977497,1977,1,0,0,0,0,0,0,0,7.4,94.0,0,0
2,1977512,1977,1,0,0,0,0,0,0,0,6.7,100.0,0,0
2,1977531,1977,1,0,0,0,0,0,0,0,7.5,80.0,0,0
2,1977220,1977,1,1,0,0,0,0,0,0,8.1,91.0,0,0
2,1977252,1977,1,0,0,0,0,0,0,0,8.1,93.0,0,0
3,1977823,1977,1,0,0,0,1,0,0,0,7.9,94.0,0,0
3,1977531,1977,1,0,0,0,0,0,0,0,7.5,80.0,0,0
3,1977220,1977,1,0,0,0,1,1,0,0,8.1,91.0,0,0
3,1977252,1977,1,1,0,0,1,0,0,0,8.1,93.0,0,1
3,1977268,1977,1,0,0,0,0,0,0,0,7.7,67.0,0,0
4,1977823,1977,1,0,1,0,0,0,0,0,7.9,94.0,0,0
4,1977993,1977,1,0,0,0,0,0,0,0,7.2,81.0,0,0
4,1977220,1977,1,0,1,0,0,0,0,0,8.1,91.0,0,0
4,1977252,1977,1,1,0,0,0,0,0,0,8.1,93.0,0,0
4,1977288,1977,1,0,1,0,0,0,0,0,8.2,89.0,0,0
1,1978014,1978,1,0,0,0,0,0,0,0,8.1,100.0,0,0
1,1978039,1978,1,0,0,0,0,0,0,0,7.9,97.0,0,0
1,1978111,1978,1,0,0,0,0,0,0,0,7.1,70.0,0,0
1,1978259,1978,1,0,0,0,0,0,0,0,6.8,82.0,0,0
1,1978328,1978,1,1,0,0,0,0,0,0,7.4,80.0,0,0
2,1978039,1978,1,1,0,0,0,0,0,0,7.9,97.0,0,0
2,1978570,1978,1,0,0,0,0,0,0,0,7.1,73.0,0,0
2,1978328,1978,1,0,0,0,0,0,0,0,7.4,80.0,0,0
2,1978774,1978,1,0,0,0,0,0,0,0,6.8,63.0,0,0
3,1978039,1978,1,1,0,0,1,0,0,0,7.9,97.0,0,1
3,1978854,1978,1,0,0,0,1,0,0,0,7.6,90.0,0,0
3,1978570,1978,1,0,0,0,1,0,0,0,7.1,73.0,0,0
3,1978925,1978,1,0,0,0,0,0,0,0,8.6,93.0,0,0
3,1978774,1978,1,0,0,0,0,0,0,0,6.8,63.0,0,0
4,1978039,1978,1,1,1,1,0,0,0,0,7.9,97.0,0,0
4,1978570,1978,1,0,1,1,0,0,0,0,7.1,73.0,0,0
4,1978925,1978,1,0,1,0,0,0,0,0,8.6,93.0,0,0
4,1978328,1978,1,0,0,0,0,0,0,0,7.4,80.0,0,0
4,1978774,1978,1,0,0,0,0,0,0,0,6.8,63.0,0,0
1,1979086,1979,1,1,0,0,0,0,0,0,7.3,83.0,0,0
1,1979146,1979,1,0,0,0,0,0,0,0,6.9,86.0,0,0
1,1979301,1979,1,0,0,0,0,0,0,0,7.0,70.0,0,0
1,1979303,1979,1,0,0,0,0,0,0,0,7.2,100.0,0,0
1,1979313,1979,1,0,0,0,0,0,0,0,8.1,86.0,0,0
2,1979463,1979,1,0,0,0,0,0,0,0,7.2,89.0,0,0
2,1979469,1979,1,0,0,0,0,0,0,0,8.1,85.0,0,0
2,1979086,1979,1,1,0,0,0,0,0,0,7.3,83.0,0,0
2,1979560,1979,1,0,0,0,0,0,0,0,7.3,78.0,0,0
2,1979667,1979,1,0,0,0,0,0,0,0,7.2,40.0,0,0
3,1979086,1979,1,0,0,0,1,0,0,0,7.3,83.0,0,0
3,1979146,1979,1,0,0,0,0,0,0,0,6.9,86.0,0,0
3,1979560,1979,1,0,0,0,1,0,0,0,7.3,78.0,0,0
3,1979898,1979,1,0,0,0,1,0,0,0,7.5,90.0,0,0
3,1979313,1979,1,1,0,0,0,0,0,0,8.1,86.0,0,1
4,1979463,1979,1,0,0,0,0,0,0,0,7.2,89.0,0,0
4,1979086,1979,1,0,0,0,0,0,0,0,7.3,83.0,0,0
4,1979146,1979,1,0,0,0,0,0,0,0,6.9,86.0,0,0
4,1979898,1979,1,0,1,1,0,0,0,0,7.5,90.0,0,0
4,1979313,1979,1,1,1,0,0,0,0,0,8.1,86.0,0,0
1,1980002,1980,1,0,0,0,0,0,0,0,7.4,78.0,0,0
1,1980027,1980,1,0,0,0,0,0,0,0,7.8,88.0,0,0
1,1980049,1980,1,0,0,0,0,0,0,0,7.9,95.0,0,0
1,1980174,1980,1,1,0,0,0,0,0,0,7.8,90.0,0,0
1,1980306,1980,1,0,0,0,0,0,0,0,7.4,88.0,0,0
2,1980502,1980,1,0,0,0,0,0,0,0,6.0,50.0,0,0
2,1980625,1980,1,1,0,0,0,0,0,0,7.3,91.0,0,0
2,1980685,1980,1,0,0,0,0,0,0,0,6.4,75.0,0,0
2,1980306,1980,1,0,0,0,0,0,0,0,7.4,88.0,0,0
2,1980757,1980,1,0,0,0,0,0,0,0,6.9,73.0,0,0
3,1980027,1980,1,0,0,0,0,0,0,0,7.8,88.0,0,0
3,1980829,1980,1,0,0,0,1,1,0,0,8.4,90.0,0,0
3,1980847,1980,1,0,0,0,1,0,0,0,7.7,95.0,0,0
3,1980174,1980,1,1,0,0,1,0,0,0,7.8,90.0,0,1
3,1980889,1980,1,0,0,0,0,0,0,0,7.2,92.0,0,0
4,1980027,1980,1,0,0,0,0,0,0,0,7.8,88.0,0,0
4,1980829,1980,1,0,1,0,0,0,0,0,8.4,90.0,0,0
4,1980847,1980,1,0,0,0,0,0,0,0,7.7,95.0,0,0
4,1980174,1980,1,1,0,0,0,0,0,0,7.8,90.0,0,0
4,1980625,1980,1,0,1,0,0,0,0,0,7.3,91.0,0,0
1,1981243,1981,1,1,0,0,0,0,0,0,8.1,92.0,0,0
1,1981317,1981,1,0,0,0,0,0,0,0,8.2,91.0,0,0
1,1981332,1981,1,0,0,0,0,0,0,0,7.1,95.0,0,0
1,1981398,1981,1,0,0,0,0,0,0,0,7.0,90.0,0,0
1,1981418,1981,1,0,0,0,0,0,0,0,6.2,85.0,0,0
2,1981507,1981,1,1,0,0,0,0,0,0,7.5,84.0,0,0
2,1981542,1981,1,0,0,0,0,0,0,0,7.1,91.0,0,0
2,1981633,1981,1,0,0,0,0,0,0,0,7.7,89.0,0,0
2,1981649,1981,1,0,0,0,0,0,0,0,6.2,82.0,0,0
2,1981658,1981,1,0,0,0,0,0,0,0,7.1,83.0,0,0
3,1981633,1981,1,1,0,0,1,1,0,0,7.7,89.0,0,1
3,1981243,1981,1,0,0,0,1,0,0,0,8.1,92.0,0,0
3,1981927,1981,1,0,0,0,1,0,0,0,7.3,81.0,0,0
3,1981317,1981,1,0,0,0,0,0,0,0,8.2,91.0,0,0
3,1981398,1981,1,0,0,0,0,0,0,0,7.0,90.0,0,0
4,1981507,1981,1,0,0,0,0,0,0,0,7.5,84.0,0,0
4,1981633,1981,1,1,0,0,0,0,0,0,7.7,89.0,0,0
4,1981243,1981,1,0,0,0,0,0,0,0,8.1,92.0,0,0
4,1981927,1981,1,0,0,0,0,0,0,0,7.3,81.0,0,0
4,1981317,1981,1,0,1,1,0,0,0,0,8.2,91.0,0,0
1,1982019,1982,1,0,0,0,0,0,0,0,6.9,81.0,0,0
1,1982040,1982,1,0,0,0,0,0,0,0,6.9,86.0,0,0
1,1982043,1982,1,0,0,0,0,0,0,0,7.3,100.0,0,0
1,1982226,1982,1,1,0,0,0,0,0,0,7.6,91.0,0,0
1,1982248,1982,1,0,0,0,0,0,0,0,7.3,90.0,0,0
2,1982043,1982,1,0,0,0,0,0,0,0,7.3,100.0,0,0
2,1982226,1982,1,1,0,0,0,0,0,0,7.6,91.0,0,0
2,1982632,1982,1,0,0,0,0,0,0,0,6.4,63.0,0,0
2,1982248,1982,1,0,0,0,0,0,0,0,7.3,90.0,0,0
2,1982727,1982,1,0,0,0,0,0,0,0,6.9,83.0,0,0
3,1982043,1982,1,0,0,0,1,0,0,0,7.3,100.0,0,0
3,1982852,1982,1,0,0,0,0,0,0,0,7.1,84.0,0,0
3,1982226,1982,1,0,0,0,1,0,0,0,7.6,91.0,0,0
3,1982912,1982,1,0,0,0,1,0,0,0,8.4,94.0,0,0
3,1982248,1982,1,1,0,0,1,1,0,0,7.3,90.0,0,1
4,1982043,1982,1,0,1,0,0,0,0,0,7.3,100.0,0,0
4,1982852,1982,1,1,1,1,0,0,0,0,7.1,84.0,0,0
4,1982226,1982,1,0,1,0,0,0,0,0,7.6,91.0,0,0
4,1982912,1982,1,0,1,0,0,0,0,0,8.4,94.0,0,0
4,1982248,1982,1,0,0,0,0,0,0,0,7.3,90.0,0,0
1,1983124,1983,1,1,0,0,0,0,0,0,8.0,89.0,0,0
1,1983201,1983,1,0,0,0,0,0,0,0,7.7,94.0,0,0
1,1983215,1983,1,0,0,0,0,0,0,0,7.3,97.0,0,0
1,1983404,1983,1,0,0,0,0,0,0,0,7.7,88.0,0,0
1,1983416,1983,1,0,0,0,0,0,0,0,7.4,91.0,0,0
2,1983462,1983,1,0,0,0,0,0,0,0,7.1,79.0,0,0
2,1983537,1983,1,0,0,0,0,0,0,0,7.2,68.0,0,0
2,1983201,1983,1,0,0,0,0,0,0,0,7.7,94.0,0,0
2,1983682,1983,1,1,0,0,0,0,0,0,7.5,74.0,0,0
2,1983800,1983,1,0,0,0,0,0,0,0,7.6,97.0,0,0
3,1983861,1983,1,0,0,0,0,0,0,0,8.4,98.0,0,0
3,1983868,1983,1,0,0,0,0,0,0,0,7.9,99.0,0,0
3,1983124,1983,1,1,0,0,1,1,0,0,8.0,89.0,0,1
3,1983404,1983,1,0,0,0,0,0,0,0,7.7,88.0,0,0
3,1983416,1983,1,0,0,0,1,0,0,0,7.4,91.0,0,0
4,1983868,1983,1,0,1,0,0,0,0,0,7.9,99.0,0,0
4,1983124,1983,1,1,1,1,0,0,0,0,8.0,89.0,0,0
4,1983201,1983,1,0,1,0,0,0,0,0,7.7,94.0,0,0
4,1983404,1983,1,0,0,0,0,0,0,0,7.7,88.0,0,0
4,1983416,1983,1,0,1,0,0,0,0,0,7.4,91.0,0,0
1,1984109,1984,1,0,0,0,0,0,0,0,7.2,81.0,0,0
1,1984249,1984,1,0,0,0,0,0,0,0,6.8,100.0,0,0
1,1984289,1984,1,1,0,0,0,0,0,0,7.3,81.0,0,0
1,1984316,1984,1,0,0,0,0,0,0,0,7.5,100.0,0,0
2,1984109,1984,1,0,0,0,0,0,0,0,7.2,81.0,0,0
2,1984675,1984,1,0,0,0,0,0,0,0,7.1,77.0,0,0
2,1984699,1984,1,1,0,0,0,0,0,0,7.4,81.0,0,0
2,1984700,1984,1,0,0,0,0,0,0,0,6.9,89.0,0,0
3,1984869,1984,1,0,0,0,1,0,0,0,8.1,100.0,0,0
3,1984675,1984,1,0,0,0,1,0,0,0,7.1,77.0,0,0
3,1984289,1984,1,0,0,0,1,0,0,0,7.3,81.0,0,0
3,1984699,1984,1,1,0,0,1,0,0,0,7.4,81.0,0,1
3,1984316,1984,1,0,0,0,1,0,0,0,7.5,100.0,0,0
4,1984289,1984,1,0,0,0,0,0,0,0,7.3,81.0,0,0
4,1984699,1984,1,1,0,0,0,0,0,0,7.4,81.0,0,0
4,1985055,1984,1,0,0,0,0,0,0,0,7.1,69.0,0,0
4,1984316,1984,1,0,1,0,0,0,0,0,7.5,100.0,0,0
4,1985071,1984,1,0,0,0,0,0,0,0,7.8,96.0,0,0
1,1985030,1985,1,1,0,0,0,0,0,0,8.4,90.0,0,0
1,1985282,1985,1,0,0,0,0,0,0,0,7.0,86.0,0,0
1,1985348,1985,1,0,0,0,0,0,0,0,7.8,93.0,0,0
1,1985423,1985,1,0,0,0,0,0,0,0,6.8,74.0,0,0
2,1985448,1985,1,0,0,0,0,0,0,0,7.3,77.0,0,0
2,1985511,1985,1,0,0,0,0,0,0,0,6.6,100.0,0,0
2,1985643,1985,1,1,0,0,0,0,0,0,7.4,89.0,0,0
2,1985708,1985,1,0,0,0,0,0,0,0,6.2,81.0,0,0
2,1985756,1985,1,0,0,0,0,0,0,0,6.3,27.0,0,0
3,1985448,1985,1,0,0,0,0,0,0,0,7.3,77.0,0,0
3,1985030,1985,1,1,0,0,1,1,0,0,8.4,90.0,0,1
3,1985848,1985,1,0,0,0,0,0,0,0,7.4,100.0,0,0
3,1985643,1985,1,0,0,0,0,0,0,0,7.4,89.0,0,0
3,1985348,1985,1,0,0,0,0,0,0,0,7.8,93.0,0,0
4,1985448,1985,1,0,1,0,0,0,0,0,7.3,77.0,0,0
4,1985980,1985,1,0,0,0,0,0,0,0,7.2,90.0,0,0
4,1985030,1985,1,1,1,0,0,0,0,0,8.4,90.0,0,0
4,1985643,1985,1,0,0,0,0,0,0,0,7.4,89.0,0,0
4,1985348,1985,1,0,1,1,0,0,0,0,7.8,93.0,0,0
1,1986172,1986,1,1,0,0,0,0,0,0,7.3,86.0,0,0
1,1986212,1986,1,0,0,0,0,0,0,0,7.0,72.0,0,0
1,1986239,1986,1,0,0,0,0,0,0,0,6.7,85.0,0,0
1,1986255,1986,1,0,0,0,0,0,0,0,7.2,83.0,0,0
1,1986438,1986,1,0,0,0,0,0,0,0,7.4,94.0,0,0
2,1986454,1986,1,0,0,0,0,0,0,0,6.6,44.0,0,0
2,1986635,1986,1,0,0,0,0,0,0,0,7.1,62.0,0,0
2,1986698,1986,1,0,0,0,0,0,0,0,7.0,90.0,0,0
2,1986713,1986,1,0,0,0,0,0,0,0,7.7,73.0,0,0
2,1986773,1986,1,1,0,0,0,0,0,0,7.4,100.0,0,0
3,1986172,1986,1,0,0,0,0,0,0,0,7.3,86.0,0,0
3,1986635,1986,1,1,0,0,1,0,0,0,7.1,62.0,0,0
3,1986239,1986,1,0,0,0,1,1,0,0,6.7,85.0,0,0
3,1986913,1986,1,0,0,0,0,0,0,0,8.2,96.0,0,0
3,1986438,1986,1,0,0,0,1,0,0,0,7.4,94.0,0,0
4,1986172,1986,1,0,0,0,0,0,0,0,7.3,86.0,0,0
4,1986635,1986,1,1,0,0,0,0,0,0,7.1,62.0,0,0
4,1986239,1986,1,0,0,0,0,0,0,0,6.7,85.0,0,0
4,1986713,1986,1,0,0,0,0,0,0,0,7.7,73.0,0,0
4,1986438,1986,1,0,1,0,0,0,0,0,7.4,94.0,0,0
1,1987001,1987,1,0,0,0,0,0,0,0,7.4,100.0,0,0
1,1987080,1987,1,0,0,0,0,0,0,0,7.2,81.0,0,0
1,1987203,1987,1,0,0,0,0,0,0,0,7.3,98.0,0,0
1,1987256,1987,1,0,0,0,0,0,0,0,7.4,90.0,0,0
1,1987308,1987,1,1,0,0,0,0,0,0,7.0,87.0,0,0
2,1987458,1987,1,0,0,0,0,0,0,0,8.4,94.0,0,0
2,1987080,1987,1,1,0,0,0,0,0,0,7.2,81.0,0,0
2,1987513,1987,1,0,0,0,0,0,0,0,6.3,82.0,0,0
2,1987637,1987,1,0,0,0,0,0,0,0,6.4,87.0,0,0
2,1987747,1987,1,0,0,0,0,0,0,0,5.9,61.0,0,0
3,1987820,1987,1,0,0,0,0,0,0,0,7.2,100.0,0,0
3,1987843,1987,1,0,0,0,0,0,0,0,7.7,91.0,0,0
3,1987880,1987,1,0,0,0,1,0,0,0,7.8,91.0,0,0
3,1987909,1987,1,1,0,0,1,1,0,0,8.1,89.0,0,1
3,1987954,1987,1,0,0,0,0,0,0,0,7.4,63.0,0,0
4,1987820,1987,1,0,1,1,0,0,0,0,7.2,100.0,0,0
4,1987080,1987,1,0,0,0,0,0,0,0,7.2,81.0,0,0
4,1987880,1987,1,0,1,0,0,0,0,0,7.8,91.0,0,0
4,1987909,1987,1,1,0,0,0,0,0,0,8.1,89.0,0,0
4,1987954,1987,1,0,1,0,0,0,0,0,7.4,63.0,0,0
1,1988064,1988,1,0,0,0,0,0,0,0,7.3,98.0,0,0
1,1988094,1988,1,0,0,0,0,0,0,0,7.3,89.0,0,0
1,1988135,1988,1,0,0,0,0,0,0,0,7.3,90.0,0,0
1,1988164,1988,1,0,0,0,0,0,0,0,6.7,60.0,0,0
1,1988431,1988,1,1,0,0,0,0,0,0,7.3,79.0,0,0
2,1988465,1988,1,0,0,0,0,0,0,0,6.4,85.0,0,0
2,1988064,1988,1,0,0,0,0,0,0,0,7.3,98.0,0,0
2,1988534,1988,1,0,0,0,0,0,0,0,6.9,74.0,0,0
2,1988164,1988,1,0,0,0,0,0,0,0,6.7,60.0,0,0
2,1988606,1988,1,1,0,0,0,0,0,0,7.2,90.0,0,0
3,1988534,1988,1,0,0,0,1,0,0,0,6.9,74.0,0,0
3,1988881,1988,1,0,0,0,1,0,0,0,7.3,96.0,0,0
3,1988606,1988,1,0,0,0,0,0,0,0,7.2,90.0,0,0
3,1988903,1988,1,0,0,0,0,0,0,0,7.6,100.0,0,0
3,1988948,1988,1,1,0,0,0,0,0,0,7.7,86.0,0,1
4,1988064,1988,1,0,0,0,0,0,0,0,7.3,98.0,0,0
4,1988534,1988,1,0,0,0,0,0,0,0,6.9,74.0,0,0
4,1988881,1988,1,0,1,0,0,0,0,0,7.3,96.0,0,0
4,1988606,1988,1,0,0,0,0,0,0,0,7.2,90.0,0,0
4,1988948,1988,1,1,1,1,0,0,0,0,7.7,86.0,0,0
1,1989052,1989,1,0,0,0,0,0,0,0,7.3,98.0,0,0
1,1989202,1989,1,0,0,0,0,0,0,0,7.8,79.0,0,0
1,1989233,1989,1,0,0,0,0,0,0,0,7.7,84.0,0,0
1,1989244,1989,1,1,0,0,0,0,0,0,8.0,88.0,0,0
1,1989281,1989,1,0,0,0,0,0,0,0,7.3,89.0,0,0
2,1989446,1989,1,0,0,0,0,0,0,0,6.9,94.0,0,0
2,1989515,1989,1,0,0,0,0,0,0,0,7.5,94.0,0,0
2,1989544,1989,1,0,0,0,0,0,0,0,7.0,84.0,0,0
2,1989701,1989,1,1,0,0,0,0,0,0,7.1,93.0,0,0
2,1989811,1989,1,0,0,0,0,0,0,0,6.8,83.0,0,0
3,1989818,1989,1,0,0,0,0,0,0,0,7.5,96.0,0,0
3,1989202,1989,1,0,0,0,1,0,0,0,7.8,79.0,0,0
3,1989244,1989,1,1,0,0,1,0,0,0,8.0,88.0,0,1
3,1989950,1989,1,0,0,0,0,0,0,0,7.5,82.0,0,0
3,1989811,1989,1,0,0,0,1,0,0,0,6.8,83.0,0,0
4,1989515,1989,1,0,0,0,0,0,0,0,7.5,94.0,0,0
4,1989202,1989,1,0,0,0,0,0,0,0,7.8,79.0,0,0
4,1989244,1989,1,1,0,0,0,0,0,0,8.0,88.0,0,0
4,1990052,1989,1,0,0,0,0,0,0,0,6.7,82.0,0,0
4,1989811,1989,1,0,0,0,0,0,0,0,6.8,83.0,0,0
1,1990061,1990,1,0,0,0,0,0,0,0,7.2,84.0,0,0
1,1990098,1990,1,0,0,0,0,0,0,0,8.1,85.0,0,0
1,1990106,1990,1,0,0,0,0,0,0,0,7.3,85.0,0,0
1,1990147,1990,1,0,0,0,0,0,0,0,7.5,98.0,0,0
1,1990216,1990,1,1,0,0,0,0,0,0,7.8,98.0,0,0
2,1990493,1990,1,0,0,0,0,0,0,0,7.3,89.0,0,0
2,1990106,1990,1,1,0,0,0,0,0,0,7.3,85.0,0,0
2,1990615,1990,1,0,0,0,0,0,0,0,7.3,75.0,0,0
2,1990674,1990,1,0,0,0,0,0,0,0,7.2,72.0,0,0
2,1990724,1990,1,0,0,0,0,0,0,0,6.9,97.0,0,0
3,1990061,1990,1,1,0,0,1,1,0,0,7.2,84.0,0,1
3,1990858,1990,1,0,0,0,0,0,0,0,7.8,92.0,0,0
3,1990098,1990,1,0,0,0,1,0,0,0,8.1,85.0,0,0
3,1990147,1990,1,0,0,0,0,0,0,0,7.5,98.0,0,0
3,1990216,1990,1,0,0,0,0,0,0,0,7.8,98.0,0,0
4,1990061,1990,1,0,0,0,0,0,0,0,7.2,84.0,0,0
4,1990098,1990,1,0,1,1,0,0,0,0,8.1,85.0,0,0
4,1990106,1990,1,1,0,0,0,0,0,0,7.3,85.0,1,0
4,1991005,1990,1,0,0,0,0,0,0,0,7.5,88.0,0,0
4,1990216,1990,1,0,1,0,0,0,0,0,7.8,98.0,0,0
1,1991044,1991,1,0,0,0,0,0,0,0,7.8,81.0,0,0
1,1991091,1991,1,1,0,0,0,0,0,0,7.5,100.0,0,0
1,1991093,1991,1,0,0,0,0,0,0,0,8.0,87.0,0,0
1,1991250,1991,1,1,0,0,0,0,0,0,7.2,92.0,0,0
1,1991321,1991,1,0,0,0,0,0,0,0,7.3,43.0,0,0
2,1991602,1991,1,1,0,0,0,0,0,0,7.8,91.0,0,0
2,1991610,1991,1,0,0,0,0,0,0,0,6.6,82.0,0,0
2,1991645,1991,1,0,0,0,0,0,0,0,6.7,83.0,0,0
2,1991647,1991,1,0,0,0,0,0,0,0,7.1,65.0,0,0
2,1991731,1991,1,0,0,0,0,0,0,0,6.9,92.0,0,0
3,1991093,1991,1,1,0,0,1,1,0,0,8.0,87.0,0,1
3,1991876,1991,1,0,0,0,0,0,0,0,8.7,94.0,0,0
3,1991250,1991,1,0,0,0,1,0,0,0,7.2,92.0,0,0
3,1991940,1991,1,0,0,0,0,0,0,0,7.6,66.0,0,0
3,1991731,1991,1,0,0,0,0,0,0,0,6.9,92.0,0,0
4,1991044,1991,1,0,0,0,0,0,0,0,7.8,81.0,0,0
4,1991093,1991,1,1,1,0,0,0,0,0,8.0,87.0,1,0
4,1992011,1991,1,0,0,0,0,0,0,0,7.1,75.0,0,0
4,1991876,1991,1,0,1,1,0,0,0,0,8.7,94.0,0,0
4,1991940,1991,1,0,0,0,0,0,0,0,7.6,66.0,0,0
1,1992066,1992,1,0,0,0,0,0,0,0,6.8,84.0,0,0
1,1992069,1992,1,0,0,0,0,0,0,0,7.3,75.0,0,0
1,1992322,1992,1,0,0,0,0,0,0,0,7.5,85.0,0,0
1,1992378,1992,1,0,0,0,0,0,0,0,6.8,68.0,0,0
1,1992392,1992,1,1,0,0,0,0,0,0,8.6,95.0,0,0
2,1992536,1992,1,0,0,0,0,0,0,0,6.4,40.0,0,0
2,1992656,1992,1,0,0,0,0,0,0,0,6.6,100.0,0,0
2,1992392,1992,1,1,0,0,0,0,0,0,8.6,95.0,0,0
2,1992783,1992,1,0,0,0,0,0,0,0,7.6,86.0,0,0
3,1992845,1992,1,0,0,0,0,0,0,0,7.8,96.0,0,0
3,1992066,1992,1,0,0,0,1,0,0,0,6.8,84.0,0,0
3,1992886,1992,1,0,0,0,1,1,0,0,8.0,84.0,0,0
3,1992392,1992,1,1,0,0,0,0,0,0,8.6,95.0,0,1
3,1992783,1992,1,0,0,0,0,0,0,0,7.6,86.0,0,0
4,1992991,1992,1,0,0,0,0,0,0,0,8.0,95.0,0,0
4,1992066,1992,1,0,0,0,0,0,0,0,6.8,84.0,0,0
4,1992886,1992,1,0,0,0,0,0,0,0,8.0,84.0,0,0
4,1992378,1992,1,0,0,0,0,0,0,0,6.8,68.0,0,0
4,1992392,1992,1,1,1,0,0,0,0,0,8.6,95.0,1,0
1,1993078,1993,1,0,0,0,0,0,0,0,7.5,62.0,0,0
1,1993191,1993,1,0,0,0,0,0,0,0,7.7,89.0,0,0
1,1993263,1993,1,1,0,0,0,0,0,0,8.0,85.0,0,0
1,1993310,1993,1,0,0,0,0,0,0,0,7.2,95.0,0,0
1,1993424,1993,1,0,0,0,0,0,0,0,8.2,96.0,0,0
2,1993553,1993,1,1,0,0,0,0,0,0,7.4,94.0,0,0
2,1993559,1993,1,0,0,0,0,0,0,0,7.0,74.0,0,0
2,1993584,1993,1,0,0,0,0,0,0,0,7.3,93.0,0,0
2,1993586,1993,1,0,0,0,0,0,0,0,6.5,40.0,0,0
2,1993636,1993,1,0,0,0,0,0,0,0,7.3,100.0,0,0
3,1993553,1993,1,0,0,0,1,0,0,0,7.4,94.0,0,0
3,1993263,1993,1,0,0,0,0,0,0,0,8.0,85.0,0,0
3,1993310,1993,1,0,0,0,0,0,0,0,7.2,95.0,0,0
3,1993955,1993,1,0,0,0,0,0,0,0,7.5,97.0,0,0
3,1993424,1993,1,1,0,0,1,1,0,0,8.2,96.0,0,1
4,1993977,1993,1,0,0,0,0,0,0,0,7.7,84.0,0,0
4,1993553,1993,1,0,1,1,0,0,0,0,7.4,94.0,0,0
4,1993263,1993,1,0,0,0,0,0,0,0,8.0,85.0,0,0
4,1993310,1993,1,0,1,0,0,0,0,0,7.2,95.0,1,0
4,1993424,1993,1,1,1,0,0,0,0,0,8.2,96.0,0,0
1,1994160,1994,1,0,0,0,0,0,0,0,8.1,94.0,0,0
1,1994236,1994,1,1,0,0,0,0,0,0,7.7,81.0,0,0
1,1994264,1994,1,0,0,0,0,0,0,0,9.0,98.0,0,0
1,1994382,1994,1,0,0,0,0,0,0,0,7.8,96.0,0,0
1,1994433,1994,1,0,0,0,0,0,0,0,7.3,97.0,0,0
2,1994672,1994,1,0,0,0,0,0,0,0,7.3,100.0,0,0
2,1994678,1994,1,0,0,0,0,0,0,0,6.8,88.0,0,0
2,1994749,1994,1,1,0,0,0,0,0,0,7.5,90.0,0,0
2,1994382,1994,1,0,0,0,0,0,0,0,7.8,96.0,0,0
2,1994433,1994,1,0,0,0,0,0,0,0,7.3,97.0,0,0
3,1994160,1994,1,0,0,0,0,0,0,0,8.1,94.0,0,0
3,1994264,1994,1,1,0,0,1,1,0,0,9.0,98.0,0,1
3,1994918,1994,1,0,0,0,0,0,0,0,7.6,95.0,0,0
3,1994749,1994,1,0,0,0,1,0,0,0,7.5,90.0,0,0
3,1994382,1994,1,0,0,0,0,0,0,0,7.8,96.0,0,0
4,1994160,1994,1,0,0,0,0,0,0,0,8.1,94.0,0,0
4,1994264,1994,1,1,1,1,0,0,0,0,9.0,98.0,1,0
4,1995057,1994,1,0,0,0,0,0,0,0,7.8,96.0,0,0
4,1994749,1994,1,0,1,0,0,0,0,0,7.5,90.0,0,0
4,1994382,1994,1,0,1,0,0,0,0,0,7.8,96.0,0,0
1,1995120,1995,1,1,0,0,0,0,1,1,8.8,75.0,0,0
1,1995223,1995,1,0,0,0,0,0,1,0,7.3,91.0,0,0
1,1995240,1995,1,0,0,0,0,0,1,0,8.9,92.0,0,0
1,1995360,1995,1,0,0,0,0,0,0,0,7.2,93.0,0,0
1,1995391,1995,1,0,0,0,0,0,1,0,9.3,89.0,0,0
2,1995479,1995,1,1,0,0,0,0,1,0,6.4,80.0,0,0
2,1995582,1995,1,0,0,0,0,0,0,0,7.3,92.0,0,0
2,1995620,1995,1,0,0,0,0,0,1,1,6.5,57.0,0,0
2,1995711,1995,1,0,0,0,0,0,1,0,6.7,80.0,0,0
2,1995790,1995,1,0,0,0,0,0,0,0,6.2,36.0,0,0
3,1995849,1995,1,0,0,0,0,0,0,0,7.4,95.0,0,0
3,1995120,1995,1,1,0,0,1,1,0,0,8.8,75.0,0,1
3,1995240,1995,1,0,0,0,1,0,0,0,8.9,92.0,0,0
3,1995911,1995,1,0,0,0,1,0,0,0,7.5,97.0,0,0
3,1995915,1995,1,0,0,0,0,0,0,0,7.0,72.0,0,0
4,1995120,1995,1,1,1,0,0,0,0,0,8.8,75.0,1,0
4,1996010,1995,1,0,1,1,0,0,0,0,7.1,92.0,0,0
4,1995240,1995,1,0,1,0,0,0,0,0,8.9,92.0,0,0
4,1995911,1995,1,0,1,0,0,0,0,0,7.5,97.0,0,0
4,1995391,1995,1,0,0,0,0,0,0,0,9.3,89.0,0,0
1,1996097,1996,1,0,0,0,0,0,1,0,7.5,95.0,0,0
1,1996178,1996,1,1,0,0,0,0,1,1,7.5,91.0,0,0
1,1996208,1996,1,0,0,0,0,0,0,0,7.3,75.0,0,0
1,1996222,1996,1,0,0,0,0,0,1,0,7.1,77.0,0,0
1,1996376,1996,1,0,0,0,0,0,1,0,7.8,94.0,0,0
2,1996498,1996,1,0,0,0,0,0,0,0,8.2,79.0,0,0
2,1996097,1996,1,1,0,0,0,0,1,1,7.5,95.0,0,0
2,1996178,1996,1,0,0,0,0,0,1,0,7.5,91.0,0,0
2,1996671,1996,1,0,0,0,0,0,1,0,7.7,97.0,0,0
2,1996709,1996,1,0,0,0,0,0,1,0,7.6,90.0,0,0
3,1996833,1996,1,0,0,0,0,0,0,0,6.9,97.0,0,0
3,1996846,1996,1,1,0,0,1,1,0,0,8.3,76.0,0,0
3,1996097,1996,1,0,0,0,0,0,0,0,7.5,95.0,0,0
3,1996178,1996,1,0,0,0,1,0,0,0,7.5,91.0,0,0
3,1996376,1996,1,0,0,0,0,0,0,0,7.8,94.0,0,0
4,1996987,1996,1,0,0,0,0,0,0,0,7.7,96.0,1,0
4,1996833,1996,1,0,1,0,0,0,0,0,6.9,97.0,0,0
4,1996846,1996,1,1,0,0,0,0,0,0,8.3,76.0,0,0
4,1996671,1996,1,0,1,1,0,0,0,0,7.7,97.0,0,0
4,1996376,1996,1,0,0,0,0,0,0,0,7.8,94.0,0,0
1,1997167,1997,1,0,0,0,0,0,1,0,7.3,85.0,0,0
1,1997269,1997,1,1,0,0,0,0,1,1,7.6,91.0,0,0
1,1997275,1997,1,0,0,0,0,0,1,0,8.0,97.0,0,0
1,1997318,1997,1,0,0,0,0,0,1,0,7.4,86.0,0,0
1,1997372,1997,1,0,0,0,0,0,1,0,7.3,88.0,0,0
2,1997485,1997,1,0,0,0,0,0,0,0,7.8,85.0,0,0
2,1997533,1997,1,1,0,0,0,0,1,1,8.1,95.0,0,0
2,1997596,1997,1,0,0,0,0,0,1,0,6.7,84.0,0,0
2,1997670,1997,1,0,0,0,0,0,1,0,8.0,96.0,0,0
2,1997318,1997,1,0,0,0,0,0,1,0,7.4,86.0,0,0
3,1997533,1997,1,0,0,0,1,0,0,0,8.1,95.0,0,0
3,1997670,1997,1,0,0,0,0,0,0,0,8.0,96.0,0,0
3,1997269,1997,1,0,0,0,1,0,0,0,7.6,91.0,0,0
3,1997318,1997,1,1,0,0,1,0,0,0,7.4,86.0,0,1
3,1997372,1997,1,0,0,0,0,0,0,0,7.3,88.0,0,0
4,1997533,1997,1,0,1,0,0,0,0,0,8.1,95.0,0,0
4,1997167,1997,1,0,0,0,0,0,0,0,7.3,85.0,0,0
4,1997670,1997,1,0,1,0,0,0,0,0,8.0,96.0,0,0
4,1997269,1997,1,0,1,0,0,0,0,0,7.6,91.0,0,0
4,1997318,1997,1,1,1,1,0,0,0,0,7.4,86.0,1,0
1,1998041,1998,1,1,0,0,0,0,1,1,7.7,86.0,0,0
1,1998137,1998,1,0,0,0,0,0,1,0,8.3,97.0,0,0
1,1998293,1998,1,0,0,0,0,0,1,0,7.2,88.0,0,0
1,1998422,1998,1,0,0,0,0,0,1,0,7.0,94.0,0,0
1,1998429,1998,1,0,0,0,0,0,1,0,7.1,86.0,0,0
2,1998453,1998,1,0,0,0,0,0,0,0,6.0,77.0,0,0
2,1998041,1998,1,1,0,0,0,0,1,1,7.7,86.0,0,0
2,1998612,1998,1,0,0,0,0,0,1,0,7.2,92.0,0,0
2,1998781,1998,1,0,0,0,0,0,1,0,7.1,86.0,0,0
2,1998788,1998,1,0,0,0,0,0,1,0,7.9,88.0,0,0
3,1998137,1998,1,0,0,0,0,0,0,0,8.3,97.0,0,0
3,1998888,1998,1,0,0,0,1,0,0,0,8.2,99.0,0,0
3,1998939,1998,1,0,0,0,0,0,0,0,7.2,96.0,0,0
3,1998960,1998,1,0,0,0,0,0,0,0,7.4,98.0,0,0
3,1998788,1998,1,1,0,0,1,1,0,0,7.9,88.0,0,1
4,1998041,1998,1,0,0,0,0,0,0,0,7.7,86.0,0,0
4,1998137,1998,1,0,0,0,0,0,0,0,8.3,97.0,0,0
4,1998888,1998,1,0,1,0,0,0,0,0,8.2,99.0,0,0
4,1998939,1998,1,0,1,1,0,0,0,0,7.2,96.0,0,0
4,1998788,1998,1,1,1,0,0,0,0,0,7.9,88.0,1,0
1,1999022,1999,1,0,0,0,0,0,1,0,6.9,88.0,0,0
1,1999032,1999,1,0,0,0,0,0,0,0,8.5,84.0,0,0
1,1999132,1999,1,0,0,0,0,0,1,0,7.3,96.0,0,0
1,1999181,1999,1,1,0,0,0,0,1,1,8.6,81.0,0,0
1,1999261,1999,1,0,0,0,0,0,1,0,8.6,94.0,0,0
2,1999500,1999,1,0,0,0,0,0,0,0,8.0,94.0,0,0
2,1999524,1999,1,0,0,0,0,0,1,0,7.4,84.0,0,0
2,1999550,1999,1,0,0,0,0,0,1,0,7.3,88.0,0,0
2,1999631,1999,1,0,0,0,0,0,1,0,6.9,87.0,0,0
2,1999673,1999,1,1,0,0,0,0,1,1,7.1,92.0,0,0
3,1999181,1999,1,0,0,0,0,0,0,0,8.6,81.0,0,0
3,1999261,1999,1,1,0,0,1,1,0,0,8.6,94.0,0,1
3,1999673,1999,1,0,0,0,1,0,0,0,7.1,92.0,0,0
3,1999961,1999,1,0,0,0,0,0,0,0,7.6,80.0,0,0
3,1999965,1999,1,0,0,0,1,0,0,0,8.2,94.0,0,0
4,1999524,1999,1,0,1,0,0,0,0,0,7.4,84.0,0,0
4,1999181,1999,1,0,0,0,0,0,0,0,8.6,81.0,0,0
4,1999261,1999,1,0,1,0,0,0,0,0,8.6,94.0,1,0
4,1999673,1999,1,1,1,1,0,0,0,0,7.1,92.0,0,0
4,1999961,1999,1,0,0,0,0,0,0,0,7.6,80.0,0,0
1,2000031,2000,1,1,0,0,0,0,1,1,8.3,87.0,0,0
1,2000287,2000,1,0,0,0,0,0,0,0,7.2,77.0,0,0
1,2000340,2000,1,0,0,0,0,0,1,0,7.6,83.0,0,0
1,2000345,2000,1,0,0,0,0,0,1,0,7.8,96.0,0,0
1,2000397,2000,1,0,0,0,0,0,0,0,8.0,95.0,0,0
2,2000031,2000,1,0,0,0,0,0,1,1,8.3,87.0,0,0
2,2000483,2000,1,1,0,0,0,0,1,0,7.5,91.0,0,0
2,2000616,2000,1,0,0,0,0,0,1,0,6.7,63.0,0,0
2,2000722,2000,1,0,0,0,0,0,1,0,7.0,67.0,0,0
2,2000794,2000,1,0,0,0,0,0,1,0,6.7,82.0,0,0
3,2000031,2000,1,1,0,0,1,1,0,0,8.3,87.0,0,1
3,2000838,2000,1,0,0,0,0,0,0,0,7.7,94.0,0,0
3,2000933,2000,1,0,0,0,0,0,0,0,7.4,71.0,0,0
3,2000345,2000,1,0,0,0,1,0,0,0,7.8,96.0,0,0
3,2000958,2000,1,0,0,0,0,0,0,0,8.2,86.0,0,0
4,2000031,2000,1,1,1,1,0,0,0,0,8.3,87.0,1,0
4,2000933,2000,1,0,0,0,0,0,0,0,7.4,71.0,0,0
4,2001059,2000,1,0,0,0,0,0,0,0,8.6,79.0,0,0
4,2000345,2000,1,0,0,0,0,0,0,0,7.8,96.0,0,0
4,2000958,2000,1,0,1,0,0,0,0,0,8.2,86.0,0,0
1,2001048,2001,1,0,0,0,0,0,0,0,7.1,74.0,0,0
1,2001074,2001,1,0,0,0,0,0,1,0,7.8,88.0,0,0
1,2001131,2001,1,1,0,0,0,0,1,0,8.5,80.0,0,0
1,2001238,2001,1,0,0,0,0,0,0,0,7.0,79.0,0,0
1,2001242,2001,1,0,0,0,0,0,1,0,7.2,75.0,0,0
2,2001504,2001,1,0,0,0,0,0,1,0,7.2,63.0,0,0
2,2001528,2001,1,1,0,0,0,0,1,1,7.4,85.0,0,0
2,2001657,2001,1,0,0,0,0,0,1,0,8.3,78.0,0,0
2,2001715,2001,1,0,0,0,0,0,1,0,6.9,77.0,0,0
2,2001812,2001,1,0,0,0,0,0,1,0,7.5,95.0,0,0
3,2001839,2001,1,0,0,0,0,0,0,0,7.7,85.0,0,0
3,2001860,2001,1,0,0,0,1,1,0,0,7.9,98.0,0,1
3,2001528,2001,1,0,0,0,1,0,0,0,7.4,85.0,0,0
3,2001131,2001,1,0,0,0,1,0,0,0,8.5,80.0,0,0
3,2001966,2001,1,1,0,0,1,0,0,0,7.6,93.0,0,0
4,2001504,2001,1,0,0,0,0,0,0,0,7.2,63.0,0,0
4,2001860,2001,1,0,0,0,0,0,0,0,7.9,98.0,0,0
4,2001528,2001,1,0,1,0,0,0,0,0,7.4,85.0,0,0
4,2001131,2001,1,1,1,1,0,0,0,0,8.5,80.0,1,0
4,2001966,2001,1,0,0,0,0,0,0,0,7.6,93.0,0,0
1,2002005,2002,1,0,0,0,0,0,1,1,8.2,74.0,0,0
1,2002025,2002,1,0,0,0,0,0,0,0,6.7,69.0,0,0
1,2002154,2002,1,0,0,0,0,0,1,0,7.6,35.0,0,0
1,2002158,2002,1,0,0,0,0,0,1,0,7.4,93.0,0,0
1,2002417,2002,1,1,0,0,0,0,1,0,7.8,74.0,0,0
2,2002486,2002,1,0,0,0,0,0,1,0,6.8,79.0,0,0
2,2002158,2002,1,0,0,0,0,0,1,0,7.4,93.0,0,0
2,2002562,2002,1,0,0,0,0,0,1,0,7.0,79.0,0,0
2,2002605,2002,1,1,0,0,0,0,1,1,7.0,85.0,0,0
2,2002205,2002,1,0,0,0,0,0,0,0,7.6,75.0,0,0
3,2002005,2002,1,1,0,0,1,0,0,0,8.2,74.0,0,1
3,2002841,2002,1,0,0,0,0,0,0,0,7.7,76.0,0,0
3,2002877,2002,1,0,0,0,1,1,0,0,7.2,87.0,0,0
3,2002901,2002,1,0,0,0,0,0,0,0,7.9,84.0,0,0
3,2002952,2002,1,0,0,0,1,0,0,0,8.9,92.0,0,0
4,2002005,2002,1,1,1,0,0,0,0,0,8.2,74.0,0,0
4,2002877,2002,1,0,0,0,0,0,0,0,7.2,87.0,0,0
4,2002158,2002,1,0,0,0,0,0,0,0,7.4,93.0,0,0
4,2002205,2002,1,0,1,0,0,0,0,0,7.6,75.0,1,0
4,2002952,2002,1,0,1,1,0,0,0,0,8.9,92.0,0,0
1,2003018,2003,1,0,0,0,0,0,1,0,7.2,86.0,0,0
1,2003020,2003,1,0,0,0,0,0,1,0,7.7,90.0,0,0
1,2003125,2003,1,0,0,0,0,0,1,1,7.5,72.0,0,0
1,2003374,2003,1,1,0,0,0,0,1,0,8.5,95.0,0,0
1,2003381,2003,1,0,0,0,0,0,0,0,7.0,87.0,0,0
2,2003503,2003,1,0,0,0,0,0,1,1,7.2,87.0,0,0
2,2003532,2003,1,0,0,0,0,0,1,0,7.3,87.0,0,0
2,2003538,2003,1,0,0,0,0,0,1,0,7.3,76.0,0,0
2,2003735,2003,1,1,0,0,0,0,1,0,7.5,80.0,0,0
2,2003797,2003,1,0,0,0,0,0,1,0,6.7,50.0,0,0
3,2003503,2003,1,0,0,0,1,0,0,0,7.2,87.0,0,1
3,2003125,2003,1,0,0,0,1,1,0,0,7.5,72.0,0,0
3,2003926,2003,1,0,0,0,0,0,0,0,7.9,91.0,0,0
3,2003735,2003,1,0,0,0,1,0,0,0,7.5,80.0,0,0
3,2003374,2003,1,1,0,0,0,0,0,0,8.5,95.0,0,0
4,2003503,2003,1,1,1,0,0,0,0,0,7.2,87.0,1,0
4,2003125,2003,1,0,1,0,0,0,0,0,7.5,72.0,0,0
4,2003735,2003,1,0,1,0,0,0,0,0,7.5,80.0,0,0
4,2004064,2003,1,0,1,0,0,0,0,0,8.8,95.0,0,0
4,2003374,2003,1,0,1,1,0,0,0,0,8.5,95.0,0,0
1,2004085,2004,1,0,0,0,0,0,0,0,7.2,70.0,0,0
1,2004151,2004,1,0,0,0,0,0,1,0,7.5,75.0,0,0
1,2004185,2004,1,0,0,0,0,0,1,0,7.7,95.0,0,0
1,2004218,2004,1,1,0,0,0,0,1,0,7.9,89.0,0,0
1,2004237,2004,1,0,0,0,0,0,1,1,8.1,79.0,0,0
2,2004443,2004,1,0,0,0,0,0,1,0,7.6,80.0,0,0
2,2004558,2004,1,0,0,0,0,0,0,0,7.7,90.0,0,0
2,2004604,2004,1,1,0,0,0,0,1,1,7.3,82.0,0,0
2,2004681,2004,1,0,0,0,0,0,1,0,6.7,72.0,0,0
2,2004803,2004,1,0,0,0,0,0,0,0,7.5,91.0,0,0
3,2004853,2004,1,0,0,0,0,0,0,0,8.6,91.0,0,0
3,2004185,2004,1,0,0,0,1,0,0,0,7.7,95.0,0,0
3,2004897,2004,1,0,0,0,1,0,0,0,7.5,85.0,0,0
3,2004218,2004,1,0,0,0,1,0,0,0,7.9,89.0,0,0
3,2004953,2004,1,1,0,0,1,1,0,0,9.0,94.0,0,1
4,2004185,2004,1,0,1,0,0,0,0,0,7.7,95.0,0,0
4,2004897,2004,1,0,1,0,0,0,0,0,7.5,85.0,0,0
4,2004218,2004,1,0,0,0,0,0,0,0,7.9,89.0,0,0
4,2005045,2004,1,0,0,0,0,0,0,0,7.3,78.0,0,0
4,2004953,2004,1,1,1,1,1,1,0,0,9.0,94.0,1,0